StartTime,EndTime,FlowID,FlowMeter,FlowType,RecShipID,InService,MeasMass,MeasLiqVol,MeasGasVol,MeasGasLiqVol,RecMass,RecLiqVol,RecGasVol,RecGasLiqVol,ProductDensity,ProductMolecularWeight,LiquidDensity,GasMolecularWeight,Product,ProductDesc,ProductCategory,ProductFamily,ProductGroup,ProductSortIndex,TrackingGroup,PhysicalState,IsCharge,RecShipSrc,RecShipDest,SourceCC,DestinationCC,FlowCC,TankOpenVol,TankOpenMass,TankCloseVol,TankCloseMass,TankStatus,TankDensity,TankCloseRecMass,TankCloseRecVol,OpenFlag,CloseFlag
06-11-2020 0:00,06-11-2020 23:59,TK776,,T,,IS,0,0,0,0,0,0,0,0,23.60000038,0,22.87999916,0,ASPH_SOUR,Asphalt Unit Crude,010 Crudes,ASPHALT SOUR,SWC,2,CRU,LIQUID,Y,,,West_Plt,West_Plt,West_Plt,94254.72393,30250736.96,86255.88992,27683538.07,IS,22.87999916,25494889.69,79436.53709,Y,N
07-11-2020 0:00,07-11-2020 23:59,TK776,,T,,IS,0,0,0,0,0,0,0,0,23.60000038,0,27.14999962,0,ASPH_SOUR,Asphalt Unit Crude,010 Crudes,ASPHALT SOUR,SWC,2,CRU,LIQUID,Y,,,West_Plt,West_Plt,West_Plt,86255.60315,27683446.03,71463.63316,22318699.46,IS,27.14999962,23800239.6,76207.46875,N,Y
07-11-2020 0:00,07-11-2020 23:59,TK776Hold,,T,,OS,0,0,0,0,0,0,0,0,23.60000038,0,26,0,ASPH_SOUR,Asphalt Unit Crude,010 Crudes,ASPHALT SOUR,SWC,2,CRU,LIQUID,Y,,,West_Plt,West_Plt,West_Plt,0,0,0.0001,0.031458884,OS,26,0,0,N,Y
06-11-2020 0:00,06-11-2020 23:59,TK776Hold,,T,,OS,0,0,0,0,0,0,0,0,23.60000038,0,26,0,ASPH_SOUR,Asphalt Unit Crude,010 Crudes,ASPHALT SOUR,SWC,2,CRU,LIQUID,Y,,,West_Plt,West_Plt,West_Plt,0,0,0.0001,0.031458884,OS,26,0,0,Y,N
07-11-2020 0:00,07-11-2020 23:59,TT_110720_0017,TT_110720_0017,R,R_SourCrude_PL,IS,5037223.646,16129,0,0,4961756.466,15887.35694,0,0,23.60000038,,27.15,0,ASPH_SOUR,Asphalt Unit Crude,010 Crudes,ASPHALT SOUR,SWC,2,CRU,LIQUID,Y,R_SourCrude_PL,TK776,,West_Plt,West_Plt,0,0,0,0,,0,0,0,N,Y
07-11-2020 0:00,07-11-2020 23:59,TK775,,T,,IS,0,0,0,0,0,0,0,0,40,0,42.29999924,0,DOM_SWT_CD,WP SCTU Crude,010 Crudes,CRUDE,SWC,1,CRU,LIQUID,Y,,,West_Plt,West_Plt,West_Plt,77578.69435,22116508.36,71076.02103,20262694.88,IS,42.29999924,19715047.24,69155.0221,N,Y
06-11-2020 0:00,06-11-2020 23:59,TK775,,T,,IS,0,0,0,0,0,0,0,0,40,0,42.29999924,0,DOM_SWT_CD,WP SCTU Crude,010 Crudes,CRUDE,SWC,1,CRU,LIQUID,Y,,,West_Plt,West_Plt,West_Plt,68563.12862,19546307.4,77578.78043,22116532.9,IS,42.29999924,21407306.6,75091.00753,Y,N
06-11-2020 0:00,06-11-2020 23:59,TK775Hold,,T,,OS,0,0,0,0,0,0,0,0,40,0,35.41,0,DOM_SWT_CD,WP SCTU Crude,010 Crudes,CRUDE,SWC,1,CRU,LIQUID,Y,,,West_Plt,West_Plt,West_Plt,0,0,0.0001,0.029685305,OS,35.41,0,0,Y,N
07-11-2020 0:00,07-11-2020 23:59,TK775Hold,,T,,OS,0,0,0,0,0,0,0,0,40,0,35.41,0,DOM_SWT_CD,WP SCTU Crude,010 Crudes,CRUDE,SWC,1,CRU,LIQUID,Y,,,West_Plt,West_Plt,West_Plt,0,0,0.0001,0.029685305,OS,35.41,0,0,N,Y
07-11-2020 0:00,07-11-2020 23:59,TT_110720_0018,TT_110720_0018,R,R_SwtCrude_PL,IS,2684934.352,9269,0,0,2694549.903,9302.195053,0,0,40,,39.55,0,DOM_SWT_CD,WP SCTU Crude,010 Crudes,CRUDE,SWC,1,CRU,LIQUID,Y,R_SwtCrude_PL,TK775,,West_Plt,West_Plt,0,0,0,0,,0,0,0,N,Y
07-11-2020 0:00,07-11-2020 23:59,TT_110720_0019,TT_110720_0019,R,R_SwtCrude_TR,IS,172761.4021,606,0,0,172801.2128,606.1396452,0,0,40,,42.3,0,DOM_SWT_CD,WP SCTU Crude,010 Crudes,CRUDE,SWC,1,CRU,LIQUID,Y,R_SwtCrude_TR,TK775,,West_Plt,West_Plt,0,0,0,0,,0,0,0,N,Y
07-11-2020 0:00,07-11-2020 23:59,10TK06,,T,,IS,0,0,0,0,0,0,0,0,50,0,49.27999878,0,E_COLO_SWEET,EP Sweet Crude Trucks,010 Crudes,CRUDE,SWC,0,CRU,LIQUID,Y,,,East_Plt,East_Plt,East_Plt,107860.962,29562269.93,113626.5003,31142474.63,IS,49.27999878,32136819.4,117254.4688,N,Y
06-11-2020 0:00,06-11-2020 23:59,10TK06,,T,,IS,0,0,0,0,0,0,0,0,50,0,49.27999878,0,E_COLO_SWEET,EP Sweet Crude Trucks,010 Crudes,CRUDE,SWC,0,CRU,LIQUID,Y,,,East_Plt,East_Plt,East_Plt,120446.6703,33030000.78,107861.2125,29562338.58,IS,49.27999878,29738831.44,108505.1647,Y,N
06-11-2020 0:00,06-11-2020 23:59,10TK26,,T,,IS,0,0,0,0,0,0,0,0,50,0,49.27999878,0,E_COLO_SWEET,EP Sweet Crude Trucks,010 Crudes,CRUDE,SWC,0,CRU,LIQUID,Y,,,East_Plt,East_Plt,East_Plt,25081.4349,6878063.229,26707.16367,7319834.414,IS,49.27999878,7651147.004,27915.99151,Y,N
07-11-2020 0:00,07-11-2020 23:59,10TK26,,T,,IS,0,0,0,0,0,0,0,0,50,0,49.27999878,0,E_COLO_SWEET,EP Sweet Crude Trucks,010 Crudes,CRUDE,SWC,0,CRU,LIQUID,Y,,,East_Plt,East_Plt,East_Plt,28224.25666,7735635.567,30448.61764,8345283.01,IS,49.27999878,8697564.981,31733.9544,N,Y
07-11-2020 0:00,07-11-2020 23:59,10TK38,,T,,IS,0,0,0,0,0,0,0,0,50,0,49.27999878,0,E_COLO_SWEET,EP Sweet Crude Trucks,010 Crudes,CRUDE,SWC,0,CRU,LIQUID,Y,,,East_Plt,East_Plt,East_Plt,41248.07646,11305172.4,39916.13544,10940117.25,IS,49.27999878,11554264.78,42156.91545,N,Y
06-11-2020 0:00,06-11-2020 23:59,10TK38,,T,,IS,0,0,0,0,0,0,0,0,50,0,49.27999878,0,E_COLO_SWEET,EP Sweet Crude Trucks,010 Crudes,CRUDE,SWC,0,CRU,LIQUID,Y,,,East_Plt,East_Plt,East_Plt,43303.36816,11875050.43,41248.11116,11305181.91,IS,49.27999878,11435856.48,41724.89069,Y,N
07-11-2020 0:00,07-11-2020 23:59,TE_110720_0008,TE_110720_0008,R,r_CONOCO PL REC,IS,7236907.306,26612,0,0,7223483.466,26562.63703,0,0,50,,50.7,0,E_COLO_SWEET,EP Sweet Crude Trucks,010 Crudes,CRUDE,SWC,0,CRU,LIQUID,Y,r_CONOCO PL REC,10TK06,,East_Plt,East_Plt,0,0,0,0,,0,0,0,N,Y
07-11-2020 0:00,07-11-2020 23:59,TE_110720_0009,TE_110720_0009,R,r_TRUCK REC,IS,750698.4481,2739,0,0,750554.0033,2738.472979,0,0,50,,49.28,0,E_COLO_SWEET,EP Sweet Crude Trucks,010 Crudes,CRUDE,SWC,0,CRU,LIQUID,Y,r_TRUCK REC,10TK06,,East_Plt,East_Plt,0,0,0,0,,0,0,0,N,Y
07-11-2020 0:00,07-11-2020 23:59,TK034,,T,,IS,0,0,0,0,0,0,0,0,54,0,57.50999832,0,CP890H******,WP Conv. >9.0 RVP SubPUL,030 Gasolines,UN Gasoline,UNL,0,END,LIQUID,N,,,West_Plt,West_Plt,West_Plt,22819.51368,5981987.129,17478.253,4581810.373,IS,57.50999832,4571099.371,17437.39369,N,Y
06-11-2020 0:00,06-11-2020 23:59,TK034,,T,,IS,0,0,0,0,0,0,0,0,54,0,57.50999832,0,CP890H******,WP Conv. >9.0 RVP SubPUL,030 Gasolines,UN Gasoline,UNL,0,END,LIQUID,N,,,West_Plt,West_Plt,West_Plt,30078.71853,7884940.479,22819.51368,5981987.129,IS,57.50999832,6020335.31,22965.80066,Y,N
06-11-2020 0:00,06-11-2020 23:59,TK096,,T,,IS,0,0,0,0,0,0,0,0,54,0,63.13999939,0,CP890H******,WP Conv. >9.0 RVP SubPUL,030 Gasolines,UN Gasoline,UNL,0,END,LIQUID,N,,,West_Plt,West_Plt,West_Plt,4566.332554,1162409.927,3832.951296,975719.7014,IS,63.13999939,982608.3183,3860.012073,Y,N
07-11-2020 0:00,07-11-2020 23:59,TK096,,T,,IS,0,0,0,0,0,0,0,0,54,0,63.13999939,0,CP890H******,WP Conv. >9.0 RVP SubPUL,030 Gasolines,UN Gasoline,UNL,0,END,LIQUID,N,,,West_Plt,West_Plt,West_Plt,3832.95226,975719.9468,3833.881678,975956.5402,IS,63.13999939,975719.9468,3832.95226,N,Y
07-11-2020 0:00,07-11-2020 23:59,TK097,,T,,IS,0,0,0,0,0,0,0,0,54,0,63.13999939,0,CP890H******,WP Conv. >9.0 RVP SubPUL,030 Gasolines,UN Gasoline,UNL,0,END,LIQUID,N,,,West_Plt,West_Plt,West_Plt,3544.747032,902354.1516,3545.726121,902603.3894,IS,63.13999939,902354.1516,3544.747032,N,Y
06-11-2020 0:00,06-11-2020 23:59,TK097,,T,,IS,0,0,0,0,0,0,0,0,54,0,63.13999939,0,CP890H******,WP Conv. >9.0 RVP SubPUL,030 Gasolines,UN Gasoline,UNL,0,END,LIQUID,N,,,West_Plt,West_Plt,West_Plt,4243.472381,1080222.336,3544.748478,902354.5197,IS,63.13999939,900718.8173,3538.322895,Y,N
07-11-2020 0:00,07-11-2020 23:59,TT_110720_0012,TT_110720_0012,S,S_Gasoline_TR,IS,1411904.866,5386,0,0,1410887.758,5382.120036,0,0,54,,57.51,0,CP890H******,WP Conv. >9.0 RVP SubPUL,030 Gasolines,UN Gasoline,UNL,0,END,LIQUID,N,TK034,S_Gasoline_TR,West_Plt,,West_Plt,0,0,0,0,,0,0,0,N,Y
07-11-2020 0:00,07-11-2020 23:59,TK055,,T,,IS,0,0,0,0,0,0,0,0,63.70000076,0,64.66999817,0,CR830H******,WP Conv. >9.0 RVP SubRUL,030 Gasolines,UN Gasoline,UNL,0,END,LIQUID,N,,,West_Plt,West_Plt,West_Plt,11301.02128,2854361.486,15658.7141,3955008.076,IS,64.66999817,3924180.761,15536.66224,N,Y
06-11-2020 0:00,06-11-2020 23:59,TK055,,T,,IS,0,0,0,0,0,0,0,0,63.70000076,0,64.66999817,0,CR830H******,WP Conv. >9.0 RVP SubRUL,030 Gasolines,UN Gasoline,UNL,0,END,LIQUID,N,,,West_Plt,West_Plt,West_Plt,14483.75922,3658243.218,11301.40613,2854458.688,IS,64.66999817,2779662.977,11005.27408,Y,N
06-11-2020 0:00,06-11-2020 23:59,TK078,,T,,IS,0,0,0,0,0,0,0,0,63.70000076,0,64.66999817,0,CR830H******,WP Conv. >9.0 RVP SubRUL,030 Gasolines,UN Gasoline,UNL,0,END,LIQUID,N,,,West_Plt,West_Plt,West_Plt,37709.91565,9524602.082,29957.41299,7566509.584,IS,64.66999817,7575500.649,29993.01052,Y,N
07-11-2020 0:00,07-11-2020 23:59,TK078,,T,,IS,0,0,0,0,0,0,0,0,63.70000076,0,64.66999817,0,CR830H******,WP Conv. >9.0 RVP SubRUL,030 Gasolines,UN Gasoline,UNL,0,END,LIQUID,N,,,West_Plt,West_Plt,West_Plt,29957.32678,7566487.808,33882.68528,8557937.326,IS,64.66999817,8396335.344,33242.86882,N,Y
07-11-2020 0:00,07-11-2020 23:59,TK2010,,T,,IS,0,0,0,0,0,0,0,0,63.70000076,0,64.66999817,0,CR830H******,WP Conv. >9.0 RVP SubRUL,030 Gasolines,UN Gasoline,UNL,0,END,LIQUID,N,,,West_Plt,West_Plt,West_Plt,40735.43861,10288775.16,33273.49795,8404071.512,IS,64.66999817,8404057.259,33273.44152,N,Y
06-11-2020 0:00,06-11-2020 23:59,TK2010,,T,,IS,0,0,0,0,0,0,0,0,63.70000076,0,64.66999817,0,CR830H******,WP Conv. >9.0 RVP SubRUL,030 Gasolines,UN Gasoline,UNL,0,END,LIQUID,N,,,West_Plt,West_Plt,West_Plt,27167.92533,6861953.247,40735.29311,10288738.41,IS,64.66999817,10300444.96,40781.64182,Y,N
07-11-2020 0:00,07-11-2020 23:59,TT_110720_0009,TT_110720_0009,S,S_Gasoline_RR,IS,879030.9581,3385,0,0,877508.1356,3379.135867,0,0,63.70000076,,59.3,0,CR830H******,WP Conv. >9.0 RVP SubRUL,030 Gasolines,UN Gasoline,UNL,0,END,LIQUID,N,TK055,S_Gasoline_RR,West_Plt,,West_Plt,0,0,0,0,,0,0,0,N,Y
07-11-2020 0:00,07-11-2020 23:59,TT_110720_0011,TT_110720_0011,S,S_Gasoline_TR,IS,2460085.678,9740,0,0,2446731.753,9687.128982,0,0,63.70000076,,64.67,0,CR830H******,WP Conv. >9.0 RVP SubRUL,030 Gasolines,UN Gasoline,UNL,0,END,LIQUID,N,TK078,S_Gasoline_TR,West_Plt,,West_Plt,0,0,0,0,,0,0,0,N,Y
07-11-2020 0:00,07-11-2020 23:59,TT_110720_0013,TT_110720_0013,S,S_Gasoline_TR,IS,1884718.617,7462,0,0,1884717.9,7461.997162,0,0,63.70000076,,64.67,0,CR830H******,WP Conv. >9.0 RVP SubRUL,030 Gasolines,UN Gasoline,UNL,0,END,LIQUID,N,TK2010,S_Gasoline_TR,West_Plt,,West_Plt,0,0,0,0,,0,0,0,N,Y
07-11-2020 0:00,07-11-2020 23:59,10TK11,,T,,OS,0,0,0,0,0,0,0,0,54,0,57.50999832,0,E_CP890H******,EP Conv. >9.0 RVP SubPUL,030 Gasolines,UN Gasoline,UNL,0,END,LIQUID,N,,,East_Plt,East_Plt,East_Plt,,,0.001,0.262143498,OS,57.50999832,0,0,N,Y
06-11-2020 0:00,06-11-2020 23:59,10TK11,,T,,OS,0,0,0,0,0,0,0,0,54,0,57.50999832,0,E_CP890H******,EP Conv. >9.0 RVP SubPUL,030 Gasolines,UN Gasoline,UNL,0,END,LIQUID,N,,,East_Plt,East_Plt,East_Plt,,,0.001,0.262143498,OS,57.50999832,0,0,Y,N
06-11-2020 0:00,06-11-2020 23:59,10TK24,,T,,OS,0,0,0,0,0,0,0,0,54,0,52.59999847,0,E_CP890H******,EP Conv. >9.0 RVP SubPUL,030 Gasolines,UN Gasoline,UNL,0,END,LIQUID,N,,,East_Plt,East_Plt,East_Plt,0.280301031,75.43880118,0.0001,0.026913494,OS,52.59999847,0,0,Y,N
07-11-2020 0:00,07-11-2020 23:59,10TK24,,T,,OS,0,0,0,0,0,0,0,0,54,0,52.59999847,0,E_CP890H******,EP Conv. >9.0 RVP SubPUL,030 Gasolines,UN Gasoline,UNL,0,END,LIQUID,N,,,East_Plt,East_Plt,East_Plt,0.280301031,75.43880118,0.0001,0.026913494,OS,52.59999847,0,0,N,Y
07-11-2020 0:00,07-11-2020 23:59,10TK25,,T,,IS,0,0,0,0,0,0,0,0,54,0,57.50999832,0,E_CP890H******,EP Conv. >9.0 RVP SubPUL,030 Gasolines,UN Gasoline,UNL,0,END,LIQUID,N,,,East_Plt,East_Plt,East_Plt,3248.95838,851693.3132,2229.637934,584485.0865,IS,57.50999832,588468.9322,2244.835129,N,Y
06-11-2020 0:00,06-11-2020 23:59,10TK25,,T,,IS,0,0,0,0,0,0,0,0,54,0,57.50999832,0,E_CP890H******,EP Conv. >9.0 RVP SubPUL,030 Gasolines,UN Gasoline,UNL,0,END,LIQUID,N,,,East_Plt,East_Plt,East_Plt,2461.398944,645239.7282,3248.95838,851693.3132,IS,57.50999832,854423.0158,3259.371389,Y,N
07-11-2020 0:00,07-11-2020 23:59,TE_110720_0001,TE_110720_0001,S,s_TRK PROD DOCK,IS,263192.0692,1004,0,0,263224.3811,1004.12326,0,0,54,,57.51,0,E_CP890H******,EP Conv. >9.0 RVP SubPUL,030 Gasolines,UN Gasoline,UNL,0,END,LIQUID,N,10TK25,s_TRK PROD DOCK,East_Plt,,East_Plt,0,0,0,0,,0,0,0,N,Y
06-11-2020 0:00,06-11-2020 23:59,10TK93,,T,,IS,0,0,0,0,0,0,0,0,54,0,54,0,E_CP890L******,EP Conv. <9.0 RVP SubPUL,030 Gasolines,UN Gasoline,UNL,0,END,LIQUID,N,,,East_Plt,East_Plt,East_Plt,0,0,0,0,IS,54,0,0,Y,N
07-11-2020 0:00,07-11-2020 23:59,10TK93,,T,,IS,0,0,0,0,0,0,0,0,54,0,54,0,E_CP890L******,EP Conv. <9.0 RVP SubPUL,030 Gasolines,UN Gasoline,UNL,0,END,LIQUID,N,,,East_Plt,East_Plt,East_Plt,0,0,0,0,IS,54,0,0,N,Y
06-11-2020 0:00,06-11-2020 23:59,10TK10,,T,,IS,0,0,0,0,0,0,0,0,63.7,0,64.66999817,0,E_CR820H,EP Conv. >9.0 SubRUL,030 Gasolines,UN Gasoline,UNL,0,END,LIQUID,N,,,East_Plt,East_Plt,East_Plt,26949.92276,6806891.133,23267.21599,5876729.504,IS,64.66999817,5884982.318,23299.89063,Y,N
07-11-2020 0:00,07-11-2020 23:59,10TK10,,T,,IS,0,0,0,0,0,0,0,0,63.7,0,64.66999817,0,E_CR820H,EP Conv. >9.0 SubRUL,030 Gasolines,UN Gasoline,UNL,0,END,LIQUID,N,,,East_Plt,East_Plt,East_Plt,23267.21599,5876729.504,20012.33024,5054624.996,IS,64.66999817,5049045.472,19990.23972,N,Y
07-11-2020 0:00,07-11-2020 23:59,10TK27,,T,,IS,0,0,0,0,0,0,0,0,63.7,0,64.66999817,0,E_CR820H,EP Conv. >9.0 SubRUL,030 Gasolines,UN Gasoline,UNL,0,END,LIQUID,N,,,East_Plt,East_Plt,East_Plt,13124.45252,3314915.604,13119.74621,3313726.906,IS,64.66999817,3314915.604,13124.45252,N,Y
06-11-2020 0:00,06-11-2020 23:59,10TK27,,T,,IS,0,0,0,0,0,0,0,0,63.7,0,64.66999817,0,E_CR820H,EP Conv. >9.0 SubRUL,030 Gasolines,UN Gasoline,UNL,0,END,LIQUID,N,,,East_Plt,East_Plt,East_Plt,13126.38892,3315404.692,13124.45252,3314915.604,IS,64.66999817,3315404.692,13126.38892,Y,N
06-11-2020 0:00,06-11-2020 23:59,10TK40,,T,,OS,0,0,0,0,0,0,0,0,63.7,0,62.59999847,0,E_CR820H,EP Conv. >9.0 SubRUL,030 Gasolines,UN Gasoline,UNL,0,END,LIQUID,N,,,East_Plt,East_Plt,East_Plt,0,0,0.0001,0.025526915,OS,62.59999847,0,0,Y,N
07-11-2020 0:00,07-11-2020 23:59,10TK40,,T,,OS,0,0,0,0,0,0,0,0,63.7,0,62.59999847,0,E_CR820H,EP Conv. >9.0 SubRUL,030 Gasolines,UN Gasoline,UNL,0,END,LIQUID,N,,,East_Plt,East_Plt,East_Plt,0,0,0.0001,0.025526915,OS,62.59999847,0,0,N,Y
07-11-2020 0:00,07-11-2020 23:59,10TK41,,T,,OS,0,0,0,0,0,0,0,0,63.7,0,62.59999847,0,E_CR820H,EP Conv. >9.0 SubRUL,030 Gasolines,UN Gasoline,UNL,0,END,LIQUID,N,,,East_Plt,East_Plt,East_Plt,0,0,0.0001,0.025526915,OS,62.59999847,0,0,N,Y
06-11-2020 0:00,06-11-2020 23:59,10TK41,,T,,OS,0,0,0,0,0,0,0,0,63.7,0,62.59999847,0,E_CR820H,EP Conv. >9.0 SubRUL,030 Gasolines,UN Gasoline,UNL,0,END,LIQUID,N,,,East_Plt,East_Plt,East_Plt,0,0,0.0001,0.025526915,OS,62.59999847,0,0,Y,N
07-11-2020 0:00,07-11-2020 23:59,TE_110720_0005,TE_110720_0005,S,s_TRK PROD DOCK,IS,827690.0172,3277,0,0,827684.0328,3276.976307,0,0,63.7,,64.67,0,E_CR820H,EP Conv. >9.0 SubRUL,030 Gasolines,UN Gasoline,UNL,0,END,LIQUID,N,10TK10,s_TRK PROD DOCK,East_Plt,,East_Plt,0,0,0,0,,0,0,0,N,Y
07-11-2020 0:00,07-11-2020 23:59,10TK28,,T,,IS,0,0,0,0,0,0,0,0,47.84,0,46.75,0,E_ETHANOL,EP Ethanol,030 Gasolines,ETHANOL,BLB,0,END,LIQUID,N,,,East_Plt,East_Plt,East_Plt,48798.10026,13561252.29,48522.23671,13487614.41,IS,46.75,13484307.72,48510.34079,N,Y
06-11-2020 0:00,06-11-2020 23:59,10TK28,,T,,IS,0,0,0,0,0,0,0,0,47.84,0,46.79000092,0,E_ETHANOL,EP Ethanol,030 Gasolines,ETHANOL,BLB,0,END,LIQUID,N,,,East_Plt,East_Plt,East_Plt,48976.09081,13618355.31,48798.08594,13561248.31,IS,46.79000092,13568421.68,48823.89819,Y,N
06-11-2020 0:00,06-11-2020 23:59,10TK91,,T,,OS,0,0,0,0,0,0,0,0,47.84,0,46.8,0,E_ETHANOL,EP Ethanol,030 Gasolines,ETHANOL,BLB,0,END,LIQUID,N,,,East_Plt,East_Plt,East_Plt,0,0,0,0,OS,46.8,0,0,Y,N
07-11-2020 0:00,07-11-2020 23:59,10TK91,,T,,OS,0,0,0,0,0,0,0,0,47.84,0,46.8,0,E_ETHANOL,EP Ethanol,030 Gasolines,ETHANOL,BLB,0,END,LIQUID,N,,,East_Plt,East_Plt,East_Plt,0,0,0,0,OS,46.8,0,0,N,Y
07-11-2020 0:00,07-11-2020 23:59,TE_110720_0002,TE_110720_0002,S,s_TRK PROD DOCK,IS,131997.6302,475,0,0,131997.6176,474.9999544,0,0,47.84,,46.8,0,E_ETHANOL,EP Ethanol,030 Gasolines,ETHANOL,BLB,0,END,LIQUID,N,10TK28,s_TRK PROD DOCK,East_Plt,,East_Plt,0,0,0,0,,0,0,0,N,Y
07-11-2020 0:00,07-11-2020 23:59,TE_110720_0010,TE_110720_0010,R,r_TRUCK REC,IS,55053.04671,199,0,0,55053.04892,199.000008,0,0,47.84,,47.6,0,E_ETHANOL,EP Ethanol,030 Gasolines,ETHANOL,BLB,0,END,LIQUID,N,r_TRUCK REC,10TK28,,East_Plt,East_Plt,0,0,0,0,,0,0,0,N,Y
06-11-2020 0:00,06-11-2020 23:59,10TK52,,T,,OS,0,0,0,0,0,0,0,0,45,0,62.24000168,0,E_FCCGASOLN,EP FCC Gasoline,030 Gasolines,GASOLINE,BLB,0,END,LIQUID,N,,,East_Plt,East_Plt,East_Plt,21.50583585,5499.977277,0.0001,0.025574348,OS,62.24000168,0,0,Y,N
07-11-2020 0:00,07-11-2020 23:59,10TK52,,T,,OS,0,0,0,0,0,0,0,0,45,0,62.24000168,0,E_FCCGASOLN,EP FCC Gasoline,030 Gasolines,GASOLINE,BLB,0,END,LIQUID,N,,,East_Plt,East_Plt,East_Plt,21.50583585,5499.977277,0.0001,0.025574348,OS,62.24000168,0,0,N,Y
07-11-2020 0:00,07-11-2020 23:59,10TK53,,T,,IS,0,0,0,0,0,0,0,0,45,0,62.24000168,0,E_FCCGASOLN,EP FCC Gasoline,030 Gasolines,GASOLINE,BLB,0,END,LIQUID,N,,,East_Plt,East_Plt,East_Plt,2996.231884,1128946.954,4191.251701,1071885.291,IS,62.24000168,1509889.834,5903.923104,N,Y
06-11-2020 0:00,06-11-2020 23:59,10TK53,,T,,IS,0,0,0,0,0,0,0,0,45,0,62.24000168,0,E_FCCGASOLN,EP FCC Gasoline,030 Gasolines,GASOLINE,BLB,0,END,LIQUID,N,,,East_Plt,East_Plt,East_Plt,2866.802266,1080179.309,2989.343558,764505.1213,IS,62.24000168,1040630.49,4069.040174,Y,N
06-11-2020 0:00,06-11-2020 23:59,10TK54,,T,,IS,0,0,0,0,0,0,0,0,45,0,62.24000168,0,E_FCCGASOLN,EP FCC Gasoline,030 Gasolines,GASOLINE,BLB,0,END,LIQUID,N,,,East_Plt,East_Plt,East_Plt,2136.113453,546297.086,2135.246424,546075.3489,IS,62.24000168,546297.086,2136.113453,Y,N
07-11-2020 0:00,07-11-2020 23:59,10TK54,,T,,IS,0,0,0,0,0,0,0,0,45,0,62.24000168,0,E_FCCGASOLN,EP FCC Gasoline,030 Gasolines,GASOLINE,BLB,0,END,LIQUID,N,,,East_Plt,East_Plt,East_Plt,2135.246084,546075.2618,2135.054049,546026.1501,IS,62.24000168,546075.2618,2135.246084,N,Y
07-11-2020 0:00,07-11-2020 23:59,10TK44,,T,,OS,0,0,0,0,0,0,0,0,50,0,50.04999924,0,E_LBLSREF,#2 low benzene LS reformate,030 Gasolines,REFORMATE,BLB,0,END,LIQUID,N,,,East_Plt,East_Plt,East_Plt,0.6,163.7490793,0.6,163.7490793,OS,50.04999924,0,0,N,Y
06-11-2020 0:00,06-11-2020 23:59,10TK44,,T,,OS,0,0,0,0,0,0,0,0,50,0,50.04999924,0,E_LBLSREF,#2 low benzene LS reformate,030 Gasolines,REFORMATE,BLB,0,END,LIQUID,N,,,East_Plt,East_Plt,East_Plt,0.6,163.7490793,0.6,163.7490793,OS,50.04999924,0,0,Y,N
06-11-2020 0:00,06-11-2020 23:59,10TK47,,T,,IS,0,0,0,0,0,0,0,0,50,0,50.04999924,0,E_LBLSREF,#2 low benzene LS reformate,030 Gasolines,REFORMATE,BLB,0,END,LIQUID,N,,,East_Plt,East_Plt,East_Plt,4042.576218,1103280.223,4040.460602,1102702.839,IS,50.04999924,1103280.223,4042.576218,Y,N
07-11-2020 0:00,07-11-2020 23:59,10TK47,,T,,IS,0,0,0,0,0,0,0,0,50,0,50.04999924,0,E_LBLSREF,#2 low benzene LS reformate,030 Gasolines,REFORMATE,BLB,0,END,LIQUID,N,,,East_Plt,East_Plt,East_Plt,4040.459846,1102702.633,4043.589921,1103556.878,IS,50.04999924,1102702.633,4040.459846,N,Y
07-11-2020 0:00,07-11-2020 23:59,10TK35,,T,,IS,0,0,0,0,0,0,0,0,80,0,76.61000061,0,E_LSRC5,EP Light Straight Run Gasoline,030 Gasolines,GASOLINE,GOL,0,END,LIQUID,N,,,East_Plt,East_Plt,East_Plt,4295.395704,1022666.656,3093.682627,736557.5335,IS,76.61000061,724413.312,3042.674572,N,Y
06-11-2020 0:00,06-11-2020 23:59,10TK35,,T,,IS,0,0,0,0,0,0,0,0,80,0,76.61000061,0,E_LSRC5,EP Light Straight Run Gasoline,030 Gasolines,GASOLINE,GOL,0,END,LIQUID,N,,,East_Plt,East_Plt,East_Plt,3755.351303,894090.5149,4295.370985,1022660.77,IS,76.61000061,1022631.754,4295.24911,Y,N
06-11-2020 0:00,06-11-2020 23:59,10TK36,,T,,IS,0,0,0,0,0,0,0,0,80,0,76.61000061,0,E_LSRC5,EP Light Straight Run Gasoline,030 Gasolines,GASOLINE,GOL,0,END,LIQUID,N,,,East_Plt,East_Plt,East_Plt,3769.205003,897388.8647,4323.341907,1029320.21,IS,76.61000061,1029293.132,4323.228175,Y,N
07-11-2020 0:00,07-11-2020 23:59,10TK36,,T,,IS,0,0,0,0,0,0,0,0,80,0,76.61000061,0,E_LSRC5,EP Light Straight Run Gasoline,030 Gasolines,GASOLINE,GOL,0,END,LIQUID,N,,,East_Plt,East_Plt,East_Plt,4323.355103,1029323.352,3089.198852,735490.0166,IS,76.61000061,723161.1507,3037.415255,N,Y
07-11-2020 0:00,07-11-2020 23:59,TK116,,T,,IS,0,0,0,0,0,0,0,0,47.84000015,0,48.6,0,ETHANOL,WP Ethanol,030 Gasolines,ETHANOL,BLB,0,END,LIQUID,N,,,West_Plt,West_Plt,West_Plt,29.02348177,7984.719532,17582.74293,4837230.488,IS,48.6,-348668.6023,-1267.36785,N,Y
06-11-2020 0:00,06-11-2020 23:59,TK116,,T,,IS,0,0,0,0,0,0,0,0,47.84000015,0,48.6,0,ETHANOL,WP Ethanol,030 Gasolines,ETHANOL,BLB,0,END,LIQUID,N,,,West_Plt,West_Plt,West_Plt,29.04334205,7990.183341,19156.85469,5270288.142,IS,48.6,-111629.0366,-405.7579351,Y,N
06-11-2020 0:00,06-11-2020 23:59,TK7208,,T,,IS,0,0,0,0,0,0,0,0,47.84000015,0,46.8,0,ETHANOL,WP Ethanol,030 Gasolines,ETHANOL,BLB,0,END,LIQUID,N,,,West_Plt,West_Plt,West_Plt,1991.705904,553474.6513,2389.304572,663963.245,IS,46.8,584432.6812,2103.109905,Y,N
07-11-2020 0:00,07-11-2020 23:59,TK7208,,T,,IS,0,0,0,0,0,0,0,0,47.84000015,0,46.8,0,ETHANOL,WP Ethanol,030 Gasolines,ETHANOL,BLB,0,END,LIQUID,N,,,West_Plt,West_Plt,West_Plt,1990.36427,553101.8251,2239.045241,622207.7175,IS,46.8,543176.1337,1954.646179,N,Y
07-11-2020 0:00,07-11-2020 23:59,TT_110720_0014,TT_110720_0014,S,S_Gasoline_TR,IS,696221.1996,2520,0,0,597269.2433,2161.839504,0,0,47.84000015,,47.84,0,ETHANOL,WP Ethanol,030 Gasolines,ETHANOL,BLB,0,END,LIQUID,N,TK7208,S_Gasoline_TR,West_Plt,,West_Plt,0,0,0,0,,0,0,0,N,Y
07-11-2020 0:00,07-11-2020 23:59,TT_110720_0015,TT_110720_0015,R,R_Ethanol_TR,IS,219966.5514,796,0,0,230690.23,834.8061191,0,0,47.84000015,,47.8,0,ETHANOL,WP Ethanol,030 Gasolines,ETHANOL,BLB,0,END,LIQUID,N,R_Ethanol_TR,TK116,,West_Plt,West_Plt,0,0,0,0,,0,0,0,N,Y
07-11-2020 0:00,07-11-2020 23:59,TK080,,T,,IS,0,0,0,0,0,0,0,0,58,0,62.84000015,0,FCCPOLYC5,WP Debut FCC/Poly Gasoline,030 Gasolines,GASOLINE,BLB,0,END,LIQUID,N,,,West_Plt,West_Plt,West_Plt,14597.20661,3721614.834,11201.93494,2855977.063,IS,62.84000015,3108286.442,12191.56237,N,Y
06-11-2020 0:00,06-11-2020 23:59,TK080,,T,,IS,0,0,0,0,0,0,0,0,58,0,62.84000015,0,FCCPOLYC5,WP Debut FCC/Poly Gasoline,030 Gasolines,GASOLINE,BLB,0,END,LIQUID,N,,,West_Plt,West_Plt,West_Plt,18889.61417,4815980.906,14597.25808,3721627.958,IS,62.84000015,3932609.124,15424.78479,Y,N
06-11-2020 0:00,06-11-2020 23:59,TK070,,T,,IS,0,0,0,0,0,0,0,0,48,0,42.90999985,0,LBHSREF,#1 low benzene HS reformate,030 Gasolines,REFORMATE,BLB,0,END,LIQUID,N,,,West_Plt,West_Plt,West_Plt,16219.91541,4607879.052,21583.61524,6131640.394,IS,42.90999985,6157753.296,21675.53368,Y,N
07-11-2020 0:00,07-11-2020 23:59,TK070,,T,,IS,0,0,0,0,0,0,0,0,48,0,42.90999985,0,LBHSREF,#1 low benzene HS reformate,030 Gasolines,REFORMATE,BLB,0,END,LIQUID,N,,,West_Plt,West_Plt,West_Plt,21583.67636,6131657.757,26767.13602,7604215.078,IS,42.90999985,7680945.334,27037.22954,N,Y
07-11-2020 0:00,07-11-2020 23:59,TK075,,T,,IS,0,0,0,0,0,0,0,0,48,0,51.83000183,0,LBLSREF,#1 low benzene LS reformate,030 Gasolines,REFORMATE,BLB,0,END,LIQUID,N,,,West_Plt,West_Plt,West_Plt,22846.01314,6174485.105,18495.78411,4998769.055,IS,51.83000183,4987142.391,18452.76467,N,Y
06-11-2020 0:00,06-11-2020 23:59,TK075,,T,,IS,0,0,0,0,0,0,0,0,48,0,51.83000183,0,LBLSREF,#1 low benzene LS reformate,030 Gasolines,REFORMATE,BLB,0,END,LIQUID,N,,,West_Plt,West_Plt,West_Plt,32158.63683,8691364.348,23079.9973,6237722.91,IS,51.83000183,6155475.184,22775.67514,Y,N
06-11-2020 0:00,06-11-2020 23:59,TK067,,T,,IS,0,0,0,0,0,0,0,0,75,0,76.54000092,0,LSRC5,WP Light Straight Run Gasoline,030 Gasolines,GASOLINE,BLB,0,END,LIQUID,N,,,West_Plt,West_Plt,West_Plt,6308.025035,1502347.605,7737.907175,1842894.765,IS,76.54000092,1806894.524,7586.75013,Y,N
07-11-2020 0:00,07-11-2020 23:59,TK067,,T,,IS,0,0,0,0,0,0,0,0,75,0,76.54000092,0,LSRC5,WP Light Straight Run Gasoline,030 Gasolines,GASOLINE,BLB,0,END,LIQUID,N,,,West_Plt,West_Plt,West_Plt,7737.897032,1842892.349,12322.10609,2934688.19,IS,76.54000092,2891499.017,12140.76431,N,Y
07-11-2020 0:00,07-11-2020 23:59,TK077,,T,,IS,0,0,0,0,0,0,0,0,59,0,64.66999817,0,MISCGASOLINE,WP Misc. Gasoline Components,030 Gasolines,GASOLINE,GOL,0,END,LIQUID,N,,,West_Plt,West_Plt,West_Plt,11198.10423,2828367.156,11212.07798,2831896.583,IS,64.66999817,2828367.156,11198.10423,N,Y
06-11-2020 0:00,06-11-2020 23:59,TK077,,T,,IS,0,0,0,0,0,0,0,0,59,0,64.66999817,0,MISCGASOLINE,WP Misc. Gasoline Components,030 Gasolines,GASOLINE,GOL,0,END,LIQUID,N,,,West_Plt,West_Plt,West_Plt,12801.74359,3233407.224,11198.10423,2828367.156,IS,64.66999817,2888026.405,11434.30783,Y,N
06-11-2020 0:00,06-11-2020 23:59,TK811,,T,,IS,0,0,0,0,0,0,0,0,147.5,0,145.4080353,0,C3,WP Propane,040 LPG,LIGHT ENDS,PRO,0,LPG,LIQUID,N,,,West_Plt,West_Plt,West_Plt,431.6925153,77243.65733,434.5825544,77760.77815,IS,145.4080353,79632.57451,445.0434842,Y,N
07-11-2020 0:00,07-11-2020 23:59,TK811,,T,,IS,0,0,0,0,0,0,0,0,147.5,0,145.4080353,0,C3,WP Propane,040 LPG,LIGHT ENDS,PRO,0,LPG,LIQUID,N,,,West_Plt,West_Plt,West_Plt,434.5804112,77760.39466,434.9226769,77821.63699,IS,145.4080353,83514.40185,466.7378972,N,Y
07-11-2020 0:00,07-11-2020 23:59,TK812,,T,,IS,0,0,0,0,0,0,0,0,147.5,0,145.4080353,0,C3,WP Propane,040 LPG,LIGHT ENDS,PRO,0,LPG,LIQUID,N,,,West_Plt,West_Plt,West_Plt,528.9133435,94639.58632,526.3492028,94180.77918,IS,145.4080353,102518.4948,572.94629,N,Y
06-11-2020 0:00,06-11-2020 23:59,TK812,,T,,IS,0,0,0,0,0,0,0,0,147.5,0,145.4080353,0,C3,WP Propane,040 LPG,LIGHT ENDS,PRO,0,LPG,LIQUID,N,,,West_Plt,West_Plt,West_Plt,408.3599072,73068.70427,528.9122361,94639.38817,IS,145.4080353,97411.95006,544.4072846,Y,N
06-11-2020 0:00,06-11-2020 23:59,TK813,,T,,IS,0,0,0,0,0,0,0,0,147.5,0,145.4080353,0,C3,WP Propane,040 LPG,LIGHT ENDS,PRO,0,LPG,LIQUID,N,,,West_Plt,West_Plt,West_Plt,116.131519,20779.659,118.0481556,21122.60684,IS,145.4080353,21260.71916,118.8200255,Y,N
07-11-2020 0:00,07-11-2020 23:59,TK813,,T,,IS,0,0,0,0,0,0,0,0,147.5,0,145.4080353,0,C3,WP Propane,040 LPG,LIGHT ENDS,PRO,0,LPG,LIQUID,N,,,West_Plt,West_Plt,West_Plt,118.0531657,21123.50331,116.8224508,20903.28888,IS,145.4080353,21314.01447,119.1178776,N,Y
07-11-2020 0:00,07-11-2020 23:59,TK814,,T,,IS,0,0,0,0,0,0,0,0,147.5,0,145.4080353,0,C3,WP Propane,040 LPG,LIGHT ENDS,PRO,0,LPG,LIQUID,N,,,West_Plt,West_Plt,West_Plt,125.0823532,22381.25075,123.1231309,22030.68295,IS,145.4080353,22486.90728,125.6728371,N,Y
06-11-2020 0:00,06-11-2020 23:59,TK814,,T,,IS,0,0,0,0,0,0,0,0,147.5,0,145.4080353,0,C3,WP Propane,040 LPG,LIGHT ENDS,PRO,0,LPG,LIQUID,N,,,West_Plt,West_Plt,West_Plt,122.9999863,22008.64841,125.0843303,22381.6045,IS,145.4080353,22536.67166,125.9509559,Y,N
07-11-2020 0:00,07-11-2020 23:59,10TK60,,T,,IS,0,0,0,0,0,0,0,0,147.5,0,145.4080353,0,E_C3_W_ODOR,EP Propane w/ Odorant,040 LPG,LIGHT ENDS,PRO,0,LPG,LIQUID,N,,,East_Plt,East_Plt,East_Plt,36.55450169,6540.774516,35.38835809,6332.113968,IS,145.4080353,6540.774518,36.55450171,N,Y
06-11-2020 0:00,06-11-2020 23:59,10TK60,,T,,IS,0,0,0,0,0,0,0,0,147.5,0,145.4080353,0,E_C3_W_ODOR,EP Propane w/ Odorant,040 LPG,LIGHT ENDS,PRO,0,LPG,LIQUID,N,,,East_Plt,East_Plt,East_Plt,34.04909167,6092.476186,36.55536002,6540.928098,IS,145.4080353,6092.476188,34.04909168,Y,N
06-11-2020 0:00,06-11-2020 23:59,10TK61,,T,,IS,0,0,0,0,0,0,0,0,147.5,0,145.4080353,0,E_C3_W_ODOR,EP Propane w/ Odorant,040 LPG,LIGHT ENDS,PRO,0,LPG,LIQUID,N,,,East_Plt,East_Plt,East_Plt,14.37298404,2571.788517,133.1485108,23824.54543,IS,145.4080353,2571.788515,14.37298403,Y,N
07-11-2020 0:00,07-11-2020 23:59,10TK61,,T,,IS,0,0,0,0,0,0,0,0,147.5,0,145.4080353,0,E_C3_W_ODOR,EP Propane w/ Odorant,040 LPG,LIGHT ENDS,PRO,0,LPG,LIQUID,N,,,East_Plt,East_Plt,East_Plt,133.1565155,23825.97772,493.2861103,88264.72991,IS,145.4080353,99409.89884,555.5732439,N,Y
07-11-2020 0:00,07-11-2020 23:59,10TK63,,T,,OS,0,0,0,0,0,0,0,0,147.5,0,145.4080353,0,E_C3_W_ODOR,EP Propane w/ Odorant,040 LPG,LIGHT ENDS,PRO,0,LPG,LIQUID,N,,,East_Plt,East_Plt,East_Plt,201.6213403,36076.53403,0,0,OS,145.4080353,0,0,N,Y
06-11-2020 0:00,06-11-2020 23:59,10TK63,,T,,IS,0,0,0,0,0,0,0,0,147.5,0,145.4080353,0,E_C3_W_ODOR,EP Propane w/ Odorant,040 LPG,LIGHT ENDS,PRO,0,LPG,LIQUID,N,,,East_Plt,East_Plt,East_Plt,414.2916421,74130.08219,201.6239817,36077.00666,IS,145.4080353,36363.13825,203.2230886,Y,N
06-11-2020 0:00,06-11-2020 23:59,10TK64,,T,,IS,0,0,0,0,0,0,0,0,147.5,0,145.4080353,0,E_C3_W_ODOR,EP Propane w/ Odorant,040 LPG,LIGHT ENDS,PRO,0,LPG,LIQUID,N,,,East_Plt,East_Plt,East_Plt,337.4728444,60384.7318,540.1058789,96642.29042,IS,145.4080353,128139.9521,716.1372227,Y,N
07-11-2020 0:00,07-11-2020 23:59,10TK64,,T,,IS,0,0,0,0,0,0,0,0,147.5,0,145.4080353,0,E_C3_W_ODOR,EP Propane w/ Odorant,040 LPG,LIGHT ENDS,PRO,0,LPG,LIQUID,N,,,East_Plt,East_Plt,East_Plt,540.1060384,96642.31894,489.449418,87578.22242,IS,145.4080353,93421.24752,522.1043995,N,Y
07-11-2020 0:00,07-11-2020 23:59,10TK85,,T,,IS,0,0,0,0,0,0,0,0,147.5,0,146.5,0,E_C3_W_ODOR,EP Propane w/ Odorant,040 LPG,LIGHT ENDS,PRO,0,LPG,LIQUID,N,,,East_Plt,East_Plt,East_Plt,0,0,0,0,IS,146.5,0,0,N,Y
06-11-2020 0:00,06-11-2020 23:59,10TK85,,T,,IS,0,0,0,0,0,0,0,0,147.5,0,146.5,0,E_C3_W_ODOR,EP Propane w/ Odorant,040 LPG,LIGHT ENDS,PRO,0,LPG,LIQUID,N,,,East_Plt,East_Plt,East_Plt,0,0,0,0,IS,146.5,0,0,Y,N
07-11-2020 0:00,07-11-2020 23:59,TE_110720_0003,TE_110720_0003,S,s_TRK PROD DOCK,IS,36144.03197,202,0,0,0,0,0,0,147.5,,145.41,0,E_C3_W_ODOR,EP Propane w/ Odorant,040 LPG,LIGHT ENDS,PRO,0,LPG,LIQUID,N,10TK63,s_TRK PROD DOCK,East_Plt,,East_Plt,0,0,0,0,,0,0,0,N,Y
07-11-2020 0:00,07-11-2020 23:59,TE_110720_0004,TE_110720_0004,S,s_TRK PROD DOCK,IS,3220.755324,18,0,0,3221.071421,18.00176659,0,0,147.5,,145.41,0,E_C3_W_ODOR,EP Propane w/ Odorant,040 LPG,LIGHT ENDS,PRO,0,LPG,LIQUID,N,10TK64,s_TRK PROD DOCK,East_Plt,,East_Plt,0,0,0,0,,0,0,0,N,Y
07-11-2020 0:00,07-11-2020 23:59,10TK66,,T,,IS,0,0,0,0,0,0,0,0,120,0,119.3171844,0,E_IC4_SALES,EP Iso Butane,040 LPG,LPG,BUT,0,LPG,LIQUID,N,,,East_Plt,East_Plt,East_Plt,37.46682349,7404.706952,50.21311619,9919.362318,IS,119.3171844,9983.446478,50.53751864,N,Y
06-11-2020 0:00,06-11-2020 23:59,10TK66,,T,,IS,0,0,0,0,0,0,0,0,120,0,119.2049255,0,E_IC4_SALES,EP Iso Butane,040 LPG,LPG,BUT,0,LPG,LIQUID,N,,,East_Plt,East_Plt,East_Plt,327.2711103,64708.77725,37.46681021,7404.704329,IS,119.2049255,7455.040839,37.7215062,Y,N
06-11-2020 0:00,06-11-2020 23:59,10TK67,,T,,IS,0,0,0,0,0,0,0,0,120,0,119.2049255,0,E_IC4_SALES,EP Iso Butane,040 LPG,LPG,BUT,0,LPG,LIQUID,N,,,East_Plt,East_Plt,East_Plt,296.8310479,58690.0999,550.3961754,108776.8326,IS,119.2049255,119639.599,605.3603158,Y,N
07-11-2020 0:00,07-11-2020 23:59,10TK67,,T,,IS,0,0,0,0,0,0,0,0,120,0,119.3171844,0,E_IC4_SALES,EP Iso Butane,040 LPG,LPG,BUT,0,LPG,LIQUID,N,,,East_Plt,East_Plt,East_Plt,550.396436,108776.8841,808.045839,159625.6129,IS,119.3171844,176221.0377,892.0540615,N,Y
07-11-2020 0:00,07-11-2020 23:59,10TK68,,T,,IS,0,0,0,0,0,0,0,0,120,0,119.3171844,0,E_IC4_SALES,EP Iso Butane,040 LPG,LPG,BUT,0,LPG,LIQUID,N,,,East_Plt,East_Plt,East_Plt,48.96810741,9677.74825,55.20743892,10905.96702,IS,119.3171844,10983.4331,55.5995824,N,Y
06-11-2020 0:00,06-11-2020 23:59,10TK68,,T,,IS,0,0,0,0,0,0,0,0,120,0,119.2049255,0,E_IC4_SALES,EP Iso Butane,040 LPG,LPG,BUT,0,LPG,LIQUID,N,,,East_Plt,East_Plt,East_Plt,191.0940825,37783.55018,48.96806951,9677.740758,IS,119.2049255,9763.724348,49.40313493,Y,N
06-11-2020 0:00,06-11-2020 23:59,10TK69,,T,,IS,0,0,0,0,0,0,0,0,120,0,119.2049255,0,E_IC4_SALES,EP Iso Butane,040 LPG,LPG,BUT,0,LPG,LIQUID,N,,,East_Plt,East_Plt,East_Plt,1177.338191,232785.9453,525.7263321,103901.2402,IS,119.2049255,113812.0487,575.8736933,Y,N
07-11-2020 0:00,07-11-2020 23:59,10TK69,,T,,IS,0,0,0,0,0,0,0,0,120,0,119.3171844,0,E_IC4_SALES,EP Iso Butane,040 LPG,LPG,BUT,0,LPG,LIQUID,N,,,East_Plt,East_Plt,East_Plt,525.7264861,103901.2706,530.956212,104887.8747,IS,119.3171844,112053.1651,567.2278536,N,Y
07-11-2020 0:00,07-11-2020 23:59,10TK87,,T,,IS,0,0,0,0,0,0,0,0,120,0,120,0,E_IC4_SALES,EP Iso Butane,040 LPG,LPG,BUT,0,LPG,LIQUID,N,,,East_Plt,East_Plt,East_Plt,0,0,0,0,IS,120,0,0,N,Y
06-11-2020 0:00,06-11-2020 23:59,10TK87,,T,,IS,0,0,0,0,0,0,0,0,120,0,120,0,E_IC4_SALES,EP Iso Butane,040 LPG,LPG,BUT,0,LPG,LIQUID,N,,,East_Plt,East_Plt,East_Plt,0,0,0,0,IS,120,0,0,Y,N
06-11-2020 0:00,06-11-2020 23:59,Pseudo_TK_IC4,,T,,IS,0,0,0,0,0,0,0,0,120,0,120,0,E_IC4_SALES,EP Iso Butane,040 LPG,LPG,BUT,0,LPG,LIQUID,N,,,West_Plt,West_Plt,West_Plt,0.672428561,132.474421,0.672428561,132.474421,IS,120,132.474421,0.351587896,Y,N
07-11-2020 0:00,07-11-2020 23:59,Pseudo_TK_IC4,,T,,IS,0,0,0,0,0,0,0,0,120,0,120,0,E_IC4_SALES,EP Iso Butane,040 LPG,LPG,BUT,0,LPG,LIQUID,N,,,West_Plt,West_Plt,West_Plt,0.672428561,132.474421,0.672428561,132.474421,IS,120,132.474421,0.351587896,N,Y
07-11-2020 0:00,07-11-2020 23:59,10TK50,,T,,IS,0,0,0,0,0,0,0,0,105,0,107.1392593,0,E_NC4,EP Normal Butane,040 LPG,LPG,BUT,0,LPG,LIQUID,N,,,East_Plt,East_Plt,East_Plt,37.91176034,7868.135699,38.03517493,7897.095563,IS,107.1392593,7868.135703,37.89569412,N,Y
06-11-2020 0:00,06-11-2020 23:59,10TK50,,T,,IS,0,0,0,0,0,0,0,0,105,0,107.2404327,0,E_NC4,EP Normal Butane,040 LPG,LPG,BUT,0,LPG,LIQUID,N,,,East_Plt,East_Plt,East_Plt,34.23803828,7102.688331,37.91172341,7868.128035,IS,107.2404327,7102.688335,34.22353506,Y,N
06-11-2020 0:00,06-11-2020 23:59,10TK51,,T,,IS,0,0,0,0,0,0,0,0,105,0,107.2404327,0,E_NC4,EP Normal Butane,040 LPG,LPG,BUT,0,LPG,LIQUID,N,,,East_Plt,East_Plt,East_Plt,42.85918164,8891.146355,45.58751764,9461.147985,IS,107.2404327,8891.146355,42.84102647,Y,N
07-11-2020 0:00,07-11-2020 23:59,10TK51,,T,,IS,0,0,0,0,0,0,0,0,105,0,107.1392593,0,E_NC4,EP Normal Butane,040 LPG,LPG,BUT,0,LPG,LIQUID,N,,,East_Plt,East_Plt,East_Plt,45.58799758,9461.247591,43.67066768,9067.171021,IS,107.1392593,9461.247591,45.5686783,N,Y
07-11-2020 0:00,07-11-2020 23:59,10TK88,,T,,IS,0,0,0,0,0,0,0,0,105,0,106,0,E_NC4,EP Normal Butane,040 LPG,LPG,BUT,0,LPG,LIQUID,N,,,East_Plt,East_Plt,East_Plt,0,0,0,0,IS,106,0,0,N,Y
06-11-2020 0:00,06-11-2020 23:59,10TK88,,T,,IS,0,0,0,0,0,0,0,0,105,0,106,0,E_NC4,EP Normal Butane,040 LPG,LPG,BUT,0,LPG,LIQUID,N,,,East_Plt,East_Plt,East_Plt,0,0,0,0,IS,106,0,0,Y,N
06-11-2020 0:00,06-11-2020 23:59,Pseudo_TK_NC4,,T,,IS,0,0,0,0,0,0,0,0,105,0,109,0,E_NC4,EP Normal Butane,040 LPG,LPG,BUT,0,LPG,LIQUID,N,,,West_Plt,West_Plt,West_Plt,0,0,0,0,IS,109,0,0,Y,N
07-11-2020 0:00,07-11-2020 23:59,Pseudo_TK_NC4,,T,,IS,0,0,0,0,0,0,0,0,105,0,109,0,E_NC4,EP Normal Butane,040 LPG,LPG,BUT,0,LPG,LIQUID,N,,,West_Plt,West_Plt,West_Plt,0,0,0,0,IS,109,0,0,N,Y
07-11-2020 0:00,07-11-2020 23:59,SF_Transfer20201107-002,SF_Transfer20201107-002,R,R_Butane_TR,IS,149302.2152,725,0,0,150679.1524,731.6863005,0,0,117.0999985,,109.1,0,NC4,WP Normal Butane,040 LPG,LPG,BUT,0,LPG,LIQUID,N,R_Butane_TR,n_butane_storag,,West_Plt,West_Plt,0,0,0,0,,0,0,0,N,Y
07-11-2020 0:00,07-11-2020 23:59,TK020,,T,,OS,0,0,0,0,0,0,0,0,117.0999985,0,107.867,0,NC4,WP Normal Butane,040 LPG,LPG,BUT,0,LPG,LIQUID,N,,,West_Plt,West_Plt,West_Plt,5,1034.974371,5,1034.974371,OS,107.867,0,0,N,Y
06-11-2020 0:00,06-11-2020 23:59,TK020,,T,,OS,0,0,0,0,0,0,0,0,117.0999985,0,107.867,0,NC4,WP Normal Butane,040 LPG,LPG,BUT,0,LPG,LIQUID,N,,,West_Plt,West_Plt,West_Plt,5,1034.974371,5,1034.974371,OS,107.867,0,0,Y,N
06-11-2020 0:00,06-11-2020 23:59,TK081,,T,,IS,0,0,0,0,0,0,0,0,117.0999985,0,111.1640015,0,NC4,WP Normal Butane,040 LPG,LPG,BUT,0,LPG,LIQUID,N,,,West_Plt,West_Plt,West_Plt,1025.231425,209208.5509,59.65576833,12180.66381,IS,111.1640015,12176.71432,59.63642539,Y,N
07-11-2020 0:00,07-11-2020 23:59,TK081,,T,,IS,0,0,0,0,0,0,0,0,117.0999985,0,111.0181198,0,NC4,WP Normal Butane,040 LPG,LPG,BUT,0,LPG,LIQUID,N,,,West_Plt,West_Plt,West_Plt,59.65356954,12180.21486,580.8073843,118662.0384,IS,111.0181198,117792.2668,576.5501695,N,Y
07-11-2020 0:00,07-11-2020 23:59,TK082,,T,,IS,0,0,0,0,0,0,0,0,117.0999985,0,111.0181198,0,NC4,WP Normal Butane,040 LPG,LPG,BUT,0,LPG,LIQUID,N,,,West_Plt,West_Plt,West_Plt,394.9896514,80649.97378,76.88193129,15707.38756,IS,111.0181198,15692.1474,76.80733627,N,Y
06-11-2020 0:00,06-11-2020 23:59,TK082,,T,,IS,0,0,0,0,0,0,0,0,117.0999985,0,111.1640015,0,NC4,WP Normal Butane,040 LPG,LPG,BUT,0,LPG,LIQUID,N,,,West_Plt,West_Plt,West_Plt,341.1254471,69610.00092,394.9891935,80649.88028,IS,111.1640015,80476.73662,394.1412086,Y,N
06-11-2020 0:00,06-11-2020 23:59,TK090,,T,,IS,0,0,0,0,0,0,0,0,117.0999985,0,111.1640015,0,NC4,WP Normal Butane,040 LPG,LPG,BUT,0,LPG,LIQUID,N,,,West_Plt,West_Plt,West_Plt,357.0080452,72851.00121,587.1341491,119882.5173,IS,111.1640015,119499.9474,585.2604824,Y,N
07-11-2020 0:00,07-11-2020 23:59,TK090,,T,,IS,0,0,0,0,0,0,0,0,117.0999985,0,111.0181198,0,NC4,WP Normal Butane,040 LPG,LPG,BUT,0,LPG,LIQUID,N,,,West_Plt,West_Plt,West_Plt,587.1350684,119882.705,574.6196454,117397.8504,IS,111.0181198,116546.5126,570.4526574,N,Y
07-11-2020 0:00,07-11-2020 23:59,TK091,,T,,IS,0,0,0,0,0,0,0,0,117.0999985,0,111.0181198,0,NC4,WP Normal Butane,040 LPG,LPG,BUT,0,LPG,LIQUID,N,,,West_Plt,West_Plt,West_Plt,615.804089,125736.4173,612.252503,125086.4435,IS,111.0181198,124119.9429,607.5218352,N,Y
06-11-2020 0:00,06-11-2020 23:59,TK091,,T,,IS,0,0,0,0,0,0,0,0,117.0999985,0,111.1640015,0,NC4,WP Normal Butane,040 LPG,LPG,BUT,0,LPG,LIQUID,N,,,West_Plt,West_Plt,West_Plt,35.68221016,7281.305758,615.8086972,125737.3582,IS,111.1640015,125316.5077,613.7475486,Y,N
06-11-2020 0:00,06-11-2020 23:59,TK092,,T,,IS,0,0,0,0,0,0,0,0,117.0999985,0,111.1640015,0,NC4,WP Normal Butane,040 LPG,LPG,BUT,0,LPG,LIQUID,N,,,West_Plt,West_Plt,West_Plt,238.3150113,48630.52081,444.8803165,90836.77441,IS,111.1640015,90617.12878,443.8045845,Y,N
07-11-2020 0:00,07-11-2020 23:59,TK092,,T,,IS,0,0,0,0,0,0,0,0,117.0999985,0,111.0181198,0,NC4,WP Normal Butane,040 LPG,LPG,BUT,0,LPG,LIQUID,N,,,West_Plt,West_Plt,West_Plt,444.8578635,90832.18992,449.6219866,91860.16378,IS,111.0181198,91338.92579,447.0707168,N,Y
07-11-2020 0:00,07-11-2020 23:59,10TK57,,T,,IS,0,0,0,0,0,0,0,0,42,0,44.41999817,0,E_KJ**L05U,EP Commercial Jet (500ppm),050 Distillates,JET FUEL,DBL,0,END,LIQUID,N,,,East_Plt,East_Plt,East_Plt,30209.49945,8508483.978,12394.472,3490894.2,IS,44.41999817,3479814.111,12355.13198,N,Y
06-11-2020 0:00,06-11-2020 23:59,10TK57,,T,,IS,0,0,0,0,0,0,0,0,42,0,44.41999817,0,E_KJ**L05U,EP Commercial Jet (500ppm),050 Distillates,JET FUEL,DBL,0,END,LIQUID,N,,,East_Plt,East_Plt,East_Plt,34307.47935,9662677.096,30209.75482,8508555.905,IS,44.41999817,8505718.244,30199.67967,Y,N
06-11-2020 0:00,06-11-2020 23:59,10TK62,,T,,IS,0,0,0,0,0,0,0,0,42,0,44.41999817,0,E_KJ**L05U,EP Commercial Jet (500ppm),050 Distillates,JET FUEL,DBL,0,END,LIQUID,N,,,East_Plt,East_Plt,East_Plt,7067.776908,1990634.326,10400.50497,2929294.81,IS,44.41999817,2929467.053,10401.11653,Y,N
07-11-2020 0:00,07-11-2020 23:59,10TK62,,T,,IS,0,0,0,0,0,0,0,0,42,0,44.41999817,0,E_KJ**L05U,EP Commercial Jet (500ppm),050 Distillates,JET FUEL,DBL,0,END,LIQUID,N,,,East_Plt,East_Plt,East_Plt,10400.50582,2929295.048,12418.00224,3497521.475,IS,44.41999817,3564946.711,12657.39655,N,Y
07-11-2020 0:00,07-11-2020 23:59,TE_110720_0007,TE_110720_0007,S,s_COP_MAGELLAN SHIP,IS,5029589.883,17815,0,0,5028669.868,17811.74127,0,0,42,,44,0,E_KJ**L05U,EP Commercial Jet (500ppm),050 Distillates,JET FUEL,DBL,0,END,LIQUID,N,10TK57,s_COP_MAGELLAN SHIP,East_Plt,,East_Plt,0,0,0,0,,0,0,0,N,Y
07-11-2020 0:00,07-11-2020 23:59,10TK48,,T,,IS,0,0,0,0,0,0,0,0,42,0,44.75,0,E_ULTRA#1LSD,EP #1 Ultra Low Sulfur Diesel,050 Distillates,DIESEL,DBL,0,END,LIQUID,N,,,East_Plt,East_Plt,East_Plt,8803.705762,2474914.849,8810.999661,2476965.324,IS,44.75,2474914.849,8803.705762,N,Y
06-11-2020 0:00,06-11-2020 23:59,10TK48,,T,,IS,0,0,0,0,0,0,0,0,42,0,44.75,0,E_ULTRA#1LSD,EP #1 Ultra Low Sulfur Diesel,050 Distillates,DIESEL,DBL,0,END,LIQUID,N,,,East_Plt,East_Plt,East_Plt,8927.373143,2512103.459,8803.705762,2474914.849,IS,44.75,2479212.161,8818.992055,Y,N
06-11-2020 0:00,06-11-2020 23:59,10TK49,,T,,OS,0,0,0,0,0,0,0,0,42,0,44.75,0,E_ULTRA#1LSD,EP #1 Ultra Low Sulfur Diesel,050 Distillates,DIESEL,DBL,0,END,LIQUID,N,,,East_Plt,East_Plt,East_Plt,171.5683608,48278.19624,0.0001,0.028112194,OS,44.75,0,0,Y,N
07-11-2020 0:00,07-11-2020 23:59,10TK49,,T,,OS,0,0,0,0,0,0,0,0,42,0,44.75,0,E_ULTRA#1LSD,EP #1 Ultra Low Sulfur Diesel,050 Distillates,DIESEL,DBL,0,END,LIQUID,N,,,East_Plt,East_Plt,East_Plt,171.5780507,48234.35457,0.0001,0.028112194,OS,44.75,0,0,N,Y
07-11-2020 0:00,07-11-2020 23:59,10TK08,,T,,IS,0,0,0,0,0,0,0,0,37,0,35.36000061,0,E_ULTRA#2LSD,EP #2 Ultra Low Sulfur Diesel,050 Distillates,DIESEL,DBL,0,END,LIQUID,N,,,East_Plt,East_Plt,East_Plt,1617.85428,480408.8832,1613.999887,479264.3519,IS,35.36000061,480408.8832,1617.85428,N,Y
06-11-2020 0:00,06-11-2020 23:59,10TK08,,T,,IS,0,0,0,0,0,0,0,0,37,0,35.36000061,0,E_ULTRA#2LSD,EP #2 Ultra Low Sulfur Diesel,050 Distillates,DIESEL,DBL,0,END,LIQUID,N,,,East_Plt,East_Plt,East_Plt,1620.76193,481272.2866,1617.853904,480408.7715,IS,35.36000061,481272.2866,1620.76193,Y,N
06-11-2020 0:00,06-11-2020 23:59,10TK09,,T,,IS,0,0,0,0,0,0,0,0,37,0,35.36000061,0,E_ULTRA#2LSD,EP #2 Ultra Low Sulfur Diesel,050 Distillates,DIESEL,DBL,0,END,LIQUID,N,,,East_Plt,East_Plt,East_Plt,1446.784964,429611.2184,1446.163678,429426.7325,IS,35.36000061,429611.2184,1446.784964,Y,N
07-11-2020 0:00,07-11-2020 23:59,10TK09,,T,,IS,0,0,0,0,0,0,0,0,37,0,35.36000061,0,E_ULTRA#2LSD,EP #2 Ultra Low Sulfur Diesel,050 Distillates,DIESEL,DBL,0,END,LIQUID,N,,,East_Plt,East_Plt,East_Plt,1446.163377,429426.6432,1446.902638,429646.1609,IS,35.36000061,429426.6432,1446.163377,N,Y
07-11-2020 0:00,07-11-2020 23:59,10TK30,,T,,IS,0,0,0,0,0,0,0,0,37,0,36.88999939,0,E_ULTRA#2LSD,EP #2 Ultra Low Sulfur Diesel,050 Distillates,DIESEL,DBL,0,END,LIQUID,N,,,East_Plt,East_Plt,East_Plt,8158.709258,2400651.007,8155.695371,2399764.189,IS,36.88999939,2400651.007,8158.709258,N,Y
06-11-2020 0:00,06-11-2020 23:59,10TK30,,T,,IS,0,0,0,0,0,0,0,0,37,0,36.88999939,0,E_ULTRA#2LSD,EP #2 Ultra Low Sulfur Diesel,050 Distillates,DIESEL,DBL,0,END,LIQUID,N,,,East_Plt,East_Plt,East_Plt,8151.447424,2398514.257,8158.708589,2400650.811,IS,36.88999939,2398514.257,8151.447424,Y,N
06-11-2020 0:00,06-11-2020 23:59,10TK43,,T,,IS,0,0,0,0,0,0,0,0,37,0,36.88999939,0,E_ULTRA#2LSD,EP #2 Ultra Low Sulfur Diesel,050 Distillates,DIESEL,DBL,0,END,LIQUID,N,,,East_Plt,East_Plt,East_Plt,1328.604978,390934.0041,3159.039223,929528.2446,IS,36.88999939,864392.9548,2937.674314,Y,N
07-11-2020 0:00,07-11-2020 23:59,10TK43,,T,,IS,0,0,0,0,0,0,0,0,37,0,36.88999939,0,E_ULTRA#2LSD,EP #2 Ultra Low Sulfur Diesel,050 Distillates,DIESEL,DBL,0,END,LIQUID,N,,,East_Plt,East_Plt,East_Plt,3159.0378,929527.8256,3158.894605,929485.6915,IS,36.88999939,929527.8256,3159.0378,N,Y
06-11-2020 0:00,06-11-2020 23:59,10TK92,,T,,IS,0,0,0,0,0,0,0,0,37,0,38,0,E_ULTRA#2LSD,EP #2 Ultra Low Sulfur Diesel,050 Distillates,DIESEL,DBL,0,END,LIQUID,N,,,East_Plt,East_Plt,East_Plt,0,0,0,0,IS,38,0,0,Y,N
07-11-2020 0:00,07-11-2020 23:59,10TK92,,T,,IS,0,0,0,0,0,0,0,0,37,0,38,0,E_ULTRA#2LSD,EP #2 Ultra Low Sulfur Diesel,050 Distillates,DIESEL,DBL,0,END,LIQUID,N,,,East_Plt,East_Plt,East_Plt,0,0,0,0,IS,38,0,0,N,Y
06-11-2020 0:00,06-11-2020 23:59,TK033,,T,,OS,0,0,0,0,0,0,0,0,37,0,35,0,HDS#3LSD,WP #3 HDS Ultra Low Sulfur Diesel,050 Distillates,DIESEL,DBL,0,END,LIQUID,N,,,West_Plt,West_Plt,West_Plt,,,0.0001,0.029758404,OS,35,0,0,Y,N
07-11-2020 0:00,07-11-2020 23:59,TK033,,T,,OS,0,0,0,0,0,0,0,0,37,0,35,0,HDS#3LSD,WP #3 HDS Ultra Low Sulfur Diesel,050 Distillates,DIESEL,DBL,0,END,LIQUID,N,,,West_Plt,West_Plt,West_Plt,,,0.0001,0.029758404,OS,35,0,0,N,Y
07-11-2020 0:00,07-11-2020 23:59,TK3801,,T,,IS,0,0,0,0,0,0,0,0,37,0,34.88000107,0,HDS#3LSD,WP #3 HDS Ultra Low Sulfur Diesel,050 Distillates,DIESEL,DBL,0,END,LIQUID,N,,,West_Plt,West_Plt,West_Plt,14723.56645,4402917.971,19296.82748,5746569.444,IS,34.88000107,4766682.93,16006.39461,N,Y
06-11-2020 0:00,06-11-2020 23:59,TK3801,,T,,IS,0,0,0,0,0,0,0,0,37,0,34.18999863,0,HDS#3LSD,WP #3 HDS Ultra Low Sulfur Diesel,050 Distillates,DIESEL,DBL,0,END,LIQUID,N,,,West_Plt,West_Plt,West_Plt,13363.80635,3996296.911,14743.99415,4409026.644,IS,34.18999863,3351772.489,11208.48612,Y,N
07-11-2020 0:00,07-11-2020 23:59,TT_110720_0010,TT_110720_0010,S,S_JetA_TR,IS,3997.858271,14,0,0,3997.857107,13.99999593,0,0,44,,42.01,0,ULTRA#1LSD,WP #1 Ultra Low Sulfur Diesel,050 Distillates,DIESEL,DBL,0,END,LIQUID,N,TK074,S_JetA_TR,West_Plt,,West_Plt,0,0,0,0,,0,0,0,N,Y
07-11-2020 0:00,07-11-2020 23:59,TK064,,T,,IS,0,0,0,0,0,0,0,0,37,0,35.36000061,0,ULTRA#2LSD,WP #2 Ultra Low Sulfur Diesel,050 Distillates,DIESEL,DBL,0,END,LIQUID,N,,,West_Plt,West_Plt,West_Plt,4001.137933,1188105.894,4003.630431,1188846.021,IS,35.36000061,1189524.803,4005.916337,N,Y
06-11-2020 0:00,06-11-2020 23:59,TK064,,T,,IS,0,0,0,0,0,0,0,0,37,0,35.36000061,0,ULTRA#2LSD,WP #2 Ultra Low Sulfur Diesel,050 Distillates,DIESEL,DBL,0,END,LIQUID,N,,,West_Plt,West_Plt,West_Plt,4003.474849,1188799.822,4001.137933,1188105.894,IS,35.36000061,1188216.892,4001.511738,Y,N
06-11-2020 0:00,06-11-2020 23:59,TK065,,T,,IS,0,0,0,0,0,0,0,0,37,0,35.36000061,0,ULTRA#2LSD,WP #2 Ultra Low Sulfur Diesel,050 Distillates,DIESEL,DBL,0,END,LIQUID,N,,,West_Plt,West_Plt,West_Plt,4245.051565,1260534.095,4246.593602,1260991.991,IS,35.36000061,1261117.025,4247.014677,Y,N
07-11-2020 0:00,07-11-2020 23:59,TK065,,T,,IS,0,0,0,0,0,0,0,0,37,0,35.36000061,0,ULTRA#2LSD,WP #2 Ultra Low Sulfur Diesel,050 Distillates,DIESEL,DBL,0,END,LIQUID,N,,,West_Plt,West_Plt,West_Plt,4246.593602,1260991.991,4251.199432,1262359.655,IS,35.36000061,1263124.978,4253.776781,N,Y
07-11-2020 0:00,07-11-2020 23:59,TK066,,T,,IS,0,0,0,0,0,0,0,0,37,0,35.36000061,0,ULTRA#2LSD,WP #2 Ultra Low Sulfur Diesel,050 Distillates,DIESEL,DBL,0,END,LIQUID,N,,,West_Plt,West_Plt,West_Plt,5903.085889,1752874.121,5921.920937,1758467.038,IS,35.36000061,1757991.768,5920.320389,N,Y
06-11-2020 0:00,06-11-2020 23:59,TK066,,T,,IS,0,0,0,0,0,0,0,0,37,0,35.36000061,0,ULTRA#2LSD,WP #2 Ultra Low Sulfur Diesel,050 Distillates,DIESEL,DBL,0,END,LIQUID,N,,,West_Plt,West_Plt,West_Plt,3470.853033,1030642.036,5903.085289,1752873.943,IS,35.36000061,1704331.349,5739.610286,Y,N
06-11-2020 0:00,06-11-2020 23:59,TK072,,T,,IS,0,0,0,0,0,0,0,0,37,0,35.36000061,0,ULTRA#2LSD,WP #2 Ultra Low Sulfur Diesel,050 Distillates,DIESEL,DBL,0,END,LIQUID,N,,,West_Plt,West_Plt,West_Plt,14361.57403,4264554.493,12908.57277,3833097.395,IS,35.36000061,3600972.714,12126.85553,Y,N
07-11-2020 0:00,07-11-2020 23:59,TK072,,T,,IS,0,0,0,0,0,0,0,0,37,0,35.36000061,0,ULTRA#2LSD,WP #2 Ultra Low Sulfur Diesel,050 Distillates,DIESEL,DBL,0,END,LIQUID,N,,,West_Plt,West_Plt,West_Plt,12908.59396,3833103.687,12898.95314,3830240.925,IS,35.36000061,3827986.04,12891.35946,N,Y
07-11-2020 0:00,07-11-2020 23:59,TK062,,T,,IS,0,0,0,0,0,0,0,0,44,0,42.00999832,0,ULTRAJET#1,WP Jet and #1 Ultra Low Sulfur Deisel,050 Distillates,JET FUEL,LTD,0,END,LIQUID,N,,,West_Plt,West_Plt,West_Plt,7626.440653,2177816.367,7627.09203,2178002.375,IS,42.00999832,2177816.367,7626.440653,N,Y
06-11-2020 0:00,06-11-2020 23:59,TK062,,T,,IS,0,0,0,0,0,0,0,0,44,0,42.00999832,0,ULTRAJET#1,WP Jet and #1 Ultra Low Sulfur Deisel,050 Distillates,JET FUEL,LTD,0,END,LIQUID,N,,,West_Plt,West_Plt,West_Plt,7625.952956,2177677.099,7626.41511,2177809.073,IS,42.00999832,2177677.099,7625.952956,Y,N
06-11-2020 0:00,06-11-2020 23:59,TK074,,T,,IS,0,0,0,0,0,0,0,0,44,0,42.00999832,0,ULTRAJET#1,WP Jet and #1 Ultra Low Sulfur Deisel,050 Distillates,JET FUEL,LTD,0,END,LIQUID,N,,,West_Plt,West_Plt,West_Plt,10225.50696,2920009.139,10163.24197,2902228.667,IS,42.00999832,2901733.235,10161.50702,Y,N
07-11-2020 0:00,07-11-2020 23:59,TK074,,T,,IS,0,0,0,0,0,0,0,0,44,0,42.00999832,0,ULTRAJET#1,WP Jet and #1 Ultra Low Sulfur Deisel,050 Distillates,JET FUEL,LTD,0,END,LIQUID,N,,,West_Plt,West_Plt,West_Plt,10163.24197,2902228.667,10151.38412,2898842.525,IS,42.00999832,2898230.81,10149.24197,N,Y
07-11-2020 0:00,07-11-2020 23:59,TK094,,T,,IS,0,0,0,0,0,0,0,0,43,0,41.79000092,0,ULTRAKERO,WP Ultra Low Sulfur Kerosine,050 Distillates,KEROSENE,LTD,0,END,LIQUID,N,,,West_Plt,West_Plt,West_Plt,15469.685,4423151.699,17919.0241,5123476.133,IS,41.79000092,5059074.65,17693.78411,N,Y
06-11-2020 0:00,06-11-2020 23:59,TK094,,T,,IS,0,0,0,0,0,0,0,0,43,0,41.79000092,0,ULTRAKERO,WP Ultra Low Sulfur Kerosine,050 Distillates,KEROSENE,LTD,0,END,LIQUID,N,,,West_Plt,West_Plt,West_Plt,16933.81832,4841782.317,15469.685,4423151.699,IS,41.79000092,4430143.383,15494.13796,Y,N
07-11-2020 0:00,07-11-2020 23:59,TK8103,,T,,IS,0,0,0,0,0,0,0,0,28,0,29,0,RAWBIODIESEL,WP Raw Biodiesel (truck rack),055 BioDiesel,DIESEL,DBL,0,END,LIQUID,N,,,West_Plt,West_Plt,West_Plt,0,0,0,0,IS,29,0,0,N,Y
06-11-2020 0:00,06-11-2020 23:59,TK8103,,T,,IS,0,0,0,0,0,0,0,0,28,0,29,0,RAWBIODIESEL,WP Raw Biodiesel (truck rack),055 BioDiesel,DIESEL,DBL,0,END,LIQUID,N,,,West_Plt,West_Plt,West_Plt,0,0,0,0,IS,29,0,0,Y,N
07-11-2020 0:00,07-11-2020 23:59,TK2004,,T,,IS,0,0,0,0,0,0,0,0,28,0,28,0,RAWBIODSRAIL,WP Raw Biodiesel by Rail Receipts,055 BioDiesel,DIESEL,DBL,0,END,LIQUID,N,,,West_Plt,West_Plt,West_Plt,1439.311857,447113.8093,1439.56174,447191.434,IS,28,445191.0809,1433.122368,N,Y
06-11-2020 0:00,06-11-2020 23:59,TK2004,,T,,IS,0,0,0,0,0,0,0,0,28,0,28,0,RAWBIODSRAIL,WP Raw Biodiesel by Rail Receipts,055 BioDiesel,DIESEL,DBL,0,END,LIQUID,N,,,West_Plt,West_Plt,West_Plt,1523.99285,473419.4647,1439.301313,447110.534,IS,28,532548.3469,1714.335666,Y,N
06-11-2020 0:00,06-11-2020 23:59,TK2007,,T,,IS,0,0,0,0,0,0,0,0,28,0,28,0,RAWBIODSRAIL,WP Raw Biodiesel by Rail Receipts,055 BioDiesel,DIESEL,DBL,0,END,LIQUID,N,,,West_Plt,West_Plt,West_Plt,1543.997166,479633.6884,1457.486918,452759.7857,IS,28,540370.2557,1739.515309,Y,N
07-11-2020 0:00,07-11-2020 23:59,TK2007,,T,,IS,0,0,0,0,0,0,0,0,28,0,28,0,RAWBIODSRAIL,WP Raw Biodiesel by Rail Receipts,055 BioDiesel,DIESEL,DBL,0,END,LIQUID,N,,,West_Plt,West_Plt,West_Plt,1457.3999,452732.7541,1457.652149,452811.1139,IS,28,450760.1696,1451.049918,N,Y
07-11-2020 0:00,07-11-2020 23:59,TT_110720_0016,TT_110720_0016,R,r_bio_rail,IS,0,0,0,0,0,0,0,0,28,,29,0,RAWBIODSRAIL,WP Raw Biodiesel by Rail Receipts,055 BioDiesel,DIESEL,DBL,0,END,LIQUID,N,r_bio_rail,n_biodiesel,,West_Plt,West_Plt,0,0,0,0,,0,0,0,N,Y
07-11-2020 0:00,07-11-2020 23:59,TK057,,T,,IS,0,0,0,0,0,0,0,0,2.74,0,2.920000076,0,CARBBLKOL,WP Carbon Black Oil,060 Black Oils,GASOIL,CLO,0,END,LIQUID,N,,,West_Plt,West_Plt,West_Plt,1297.88581,478405.8271,1298.302927,478559.5779,IS,2.920000076,546474.1012,1482.550883,N,Y
06-11-2020 0:00,06-11-2020 23:59,TK057,,T,,IS,0,0,0,0,0,0,0,0,2.74,0,2.920000076,0,CARBBLKOL,WP Carbon Black Oil,060 Black Oils,GASOIL,CLO,0,END,LIQUID,N,,,West_Plt,West_Plt,West_Plt,1290.714159,475762.3283,1297.886045,478405.9139,IS,2.920000076,545271.0305,1479.287026,Y,N
06-11-2020 0:00,06-11-2020 23:59,TK059,,T,,IS,0,0,0,0,0,0,0,0,2.74,0,2.920000076,0,CARBBLKOL,WP Carbon Black Oil,060 Black Oils,GASOIL,CLO,0,END,LIQUID,N,,,West_Plt,West_Plt,West_Plt,1784.513155,657778.5852,1785.722737,658224.4418,IS,2.920000076,784801.3658,2129.118206,Y,N
07-11-2020 0:00,07-11-2020 23:59,TK059,,T,,IS,0,0,0,0,0,0,0,0,2.74,0,2.920000076,0,CARBBLKOL,WP Carbon Black Oil,060 Black Oils,GASOIL,CLO,0,END,LIQUID,N,,,West_Plt,West_Plt,West_Plt,1785.72297,658224.5276,1787.234142,658781.5516,IS,2.920000076,787480.0528,2136.38532,N,Y
07-11-2020 0:00,07-11-2020 23:59,10TK46,,T,,IS,0,0,0,0,0,0,0,0,6,0,7.269999981,0,E_CARBBLKOL,EP Carbon Black Oil,060 Black Oils,GASOIL,CLO,0,END,LIQUID,N,,,East_Plt,East_Plt,East_Plt,3641.84805,1300319.577,3705.546504,1323063.071,IS,7.269999981,1300319.577,3641.84805,N,Y
06-11-2020 0:00,06-11-2020 23:59,10TK46,,T,,IS,0,0,0,0,0,0,0,0,6,0,7.269999981,0,E_CARBBLKOL,EP Carbon Black Oil,060 Black Oils,GASOIL,CLO,0,END,LIQUID,N,,,East_Plt,East_Plt,East_Plt,3622.901758,1293554.816,3641.847395,1300319.344,IS,7.269999981,1293554.816,3622.901758,Y,N
07-11-2020 0:00,07-11-2020 23:59,10TK94,,T,,IS,0,0,0,0,0,0,0,0,6,0,2,0,E_CARBBLKOL,EP Carbon Black Oil,060 Black Oils,GASOIL,CLO,0,END,LIQUID,N,,,East_Plt,East_Plt,East_Plt,0,0,0,0,IS,2,0,0,N,Y
06-11-2020 0:00,06-11-2020 23:59,10TK94,,T,,IS,0,0,0,0,0,0,0,0,6,0,2,0,E_CARBBLKOL,EP Carbon Black Oil,060 Black Oils,GASOIL,CLO,0,END,LIQUID,N,,,East_Plt,East_Plt,East_Plt,0,0,0,0,IS,2,0,0,Y,N
07-11-2020 0:00,07-11-2020 23:59,10TK39,,T,,IS,0,0,0,0,0,0,0,0,18.5,0,18.04000092,0,E_SWTRESID,EP Sweet Resid,060 Black Oils,RESID,URS,0,END,LIQUID,N,,,East_Plt,East_Plt,East_Plt,3001.24231,994414.731,3193.86197,1058236.245,IS,18.04000092,1050525.893,3170.591365,N,Y
06-11-2020 0:00,06-11-2020 23:59,10TK39,,T,,IS,0,0,0,0,0,0,0,0,18.5,0,18.04000092,0,E_SWTRESID,EP Sweet Resid,060 Black Oils,RESID,URS,0,END,LIQUID,N,,,East_Plt,East_Plt,East_Plt,2627.544414,872579.7062,3001.259287,994420.3562,IS,18.04000092,984630.8228,2971.713505,Y,N
06-11-2020 0:00,06-11-2020 23:59,10TK95,,T,,IS,0,0,0,0,0,0,0,0,18.5,0,15,0,E_SWTRESID,EP Sweet Resid,060 Black Oils,RESID,URS,0,END,LIQUID,N,,,East_Plt,East_Plt,East_Plt,0,0,0,0,IS,15,0,0,Y,N
07-11-2020 0:00,07-11-2020 23:59,10TK95,,T,,IS,0,0,0,0,0,0,0,0,18.5,0,15,0,E_SWTRESID,EP Sweet Resid,060 Black Oils,RESID,URS,0,END,LIQUID,N,,,East_Plt,East_Plt,East_Plt,0,0,0,0,IS,15,0,0,N,Y
07-11-2020 0:00,07-11-2020 23:59,TE_110720_0006,TE_110720_0006,S,s_RAIL CAR LOAD,IS,177263.8892,535,0,0,177255.2354,534.9738818,0,0,18.5,,18.04,0,E_SWTRESID,EP Sweet Resid,060 Black Oils,RESID,URS,0,END,LIQUID,N,10TK39,s_RAIL CAR LOAD,East_Plt,,East_Plt,0,0,0,0,,0,0,0,N,Y
07-11-2020 0:00,07-11-2020 23:59,TK068,,T,,IS,0,0,0,0,0,0,0,0,11,0,12,0,SWTRESID,WP Sweet Resid,060 Black Oils,RESID,URS,0,END,LIQUID,N,,,West_Plt,West_Plt,West_Plt,1604.816114,554111.6018,1618.964953,558996.9189,IS,12,559070.9902,1619.179478,N,Y
06-11-2020 0:00,06-11-2020 23:59,TK068,,T,,IS,0,0,0,0,0,0,0,0,11,0,12,0,SWTRESID,WP Sweet Resid,060 Black Oils,RESID,URS,0,END,LIQUID,N,,,West_Plt,West_Plt,West_Plt,1593.735846,550285.8018,1604.529496,554012.6381,IS,12,554142.8714,1604.906677,Y,N
06-11-2020 0:00,06-11-2020 23:59,TK069,,T,,IS,0,0,0,0,0,0,0,0,11,0,12,0,SWTRESID,WP Sweet Resid,060 Black Oils,RESID,URS,0,END,LIQUID,N,,,West_Plt,West_Plt,West_Plt,1591.726974,549592.1778,1602.489691,553308.3335,IS,12,553438.2358,1602.865914,Y,N
07-11-2020 0:00,07-11-2020 23:59,TK069,,T,,IS,0,0,0,0,0,0,0,0,11,0,12,0,SWTRESID,WP Sweet Resid,060 Black Oils,RESID,URS,0,END,LIQUID,N,,,West_Plt,West_Plt,West_Plt,1610.009992,555904.9462,1621.042174,559714.1426,IS,12,559788.404,1621.257249,N,Y
07-11-2020 0:00,07-11-2020 23:59,TK071,,T,,IS,0,0,0,0,0,0,0,0,11,0,12,0,SWTRESID,WP Sweet Resid,060 Black Oils,RESID,URS,0,END,LIQUID,N,,,West_Plt,West_Plt,West_Plt,32445.77997,11202892.94,34111.95584,11778190.86,IS,12,11811075.12,34207.19512,N,Y
06-11-2020 0:00,06-11-2020 23:59,TK071,,T,,IS,0,0,0,0,0,0,0,0,11,0,12,0,SWTRESID,WP Sweet Resid,060 Black Oils,RESID,URS,0,END,LIQUID,N,,,West_Plt,West_Plt,West_Plt,32012.3146,11053225.83,32445.76309,11202887.11,IS,12,11256139.91,32599.99367,Y,N
06-11-2020 0:00,06-11-2020 23:59,TK076,,T,,IS,0,0,0,0,0,0,0,0,11,0,23,0,SWTRESID,WP Sweet Resid,060 Black Oils,RESID,URS,0,END,LIQUID,N,,,West_Plt,West_Plt,West_Plt,4478.7132,1436311.497,4595.196405,1473667.353,IS,23,1474588.824,4598.069738,Y,N
07-11-2020 0:00,07-11-2020 23:59,TK076,,T,,IS,0,0,0,0,0,0,0,0,11,0,23,0,SWTRESID,WP Sweet Resid,060 Black Oils,RESID,URS,0,END,LIQUID,N,,,West_Plt,West_Plt,West_Plt,4612.703821,1479281.936,4598.814897,1474827.794,IS,23,1475343.395,4600.422645,N,Y
07-11-2020 0:00,07-11-2020 23:59,TK112,,T,,IS,0,0,0,0,0,0,0,0,5.65,0,5.65,0,AC10,Asphalt PG 58-28,065 Asphalt,ASPHALT,ASP,0,END,LIQUID,N,,,West_Plt,West_Plt,West_Plt,4579.119888,1654284.003,4064.926465,1468522.989,IS,5.65,1465467.109,4056.467676,N,Y
06-11-2020 0:00,06-11-2020 23:59,TK112,,T,,IS,0,0,0,0,0,0,0,0,5.65,0,5.65,0,AC10,Asphalt PG 58-28,065 Asphalt,ASPHALT,ASP,0,END,LIQUID,N,,,West_Plt,West_Plt,West_Plt,10182.5582,3678620.249,4585.53109,1656600.157,IS,5.65,1639792.219,4539.006089,Y,N
06-11-2020 0:00,06-11-2020 23:59,TK142,,T,,IS,0,0,0,0,0,0,0,0,5.65,0,4.93,0,AC10,Asphalt PG 58-28,065 Asphalt,ASPHALT,ASP,0,END,LIQUID,N,,,West_Plt,West_Plt,West_Plt,3184.003887,1156345.402,3170.100773,1151296.162,IS,4.93,1156345.402,3184.003887,Y,N
07-11-2020 0:00,07-11-2020 23:59,TK142,,T,,IS,0,0,0,0,0,0,0,0,5.65,0,4.93,0,AC10,Asphalt PG 58-28,065 Asphalt,ASPHALT,ASP,0,END,LIQUID,N,,,West_Plt,West_Plt,West_Plt,3180.147994,1154945.045,3175.537229,1153270.538,IS,4.93,1154945.045,3180.147994,N,Y
07-11-2020 0:00,07-11-2020 23:59,TK146,,T,,IS,0,0,0,0,0,0,0,0,5.65,0,5.65,0,AC10,Asphalt PG 58-28,065 Asphalt,ASPHALT,ASP,0,END,LIQUID,N,,,West_Plt,West_Plt,West_Plt,13446.67994,4857839.075,13454.05767,4860504.402,IS,5.65,4827028.104,13361.39402,N,Y
06-11-2020 0:00,06-11-2020 23:59,TK146,,T,,IS,0,0,0,0,0,0,0,0,5.65,0,5.65,0,AC10,Asphalt PG 58-28,065 Asphalt,ASPHALT,ASP,0,END,LIQUID,N,,,West_Plt,West_Plt,West_Plt,12432.64995,4491503.7,13439.37259,4855199.172,IS,5.65,4710823.787,13039.73614,Y,N
06-11-2020 0:00,06-11-2020 23:59,TK147,,T,,IS,0,0,0,0,0,0,0,0,5.65,0,4.93,0,AC10,Asphalt PG 58-28,065 Asphalt,ASPHALT,ASP,0,END,LIQUID,N,,,West_Plt,West_Plt,West_Plt,5019.708725,1823024.504,5028.971915,1826388.648,IS,4.93,1823024.504,5019.708725,Y,N
07-11-2020 0:00,07-11-2020 23:59,TK147,,T,,IS,0,0,0,0,0,0,0,0,5.65,0,4.93,0,AC10,Asphalt PG 58-28,065 Asphalt,ASPHALT,ASP,0,END,LIQUID,N,,,West_Plt,West_Plt,West_Plt,5037.572897,1829512.295,5040.09908,1830429.737,IS,4.93,1829512.295,5037.572897,N,Y
07-11-2020 0:00,07-11-2020 23:59,TK193,,T,,OS,0,0,0,0,0,0,0,0,5.65,0,5.65,0,AC10,Asphalt PG 58-28,065 Asphalt,ASPHALT,ASP,0,END,LIQUID,N,,,West_Plt,West_Plt,West_Plt,1284.023415,463875.034,0.0001,0.03612668,OS,5.65,0,0,N,Y
06-11-2020 0:00,06-11-2020 23:59,TK193,,T,,OS,0,0,0,0,0,0,0,0,5.65,0,5.65,0,AC10,Asphalt PG 58-28,065 Asphalt,ASPHALT,ASP,0,END,LIQUID,N,,,West_Plt,West_Plt,West_Plt,1284.023415,463875.034,0.0001,0.03612668,OS,5.65,0,0,Y,N
06-11-2020 0:00,06-11-2020 23:59,TK194,,T,,IS,0,0,0,0,0,0,0,0,5.65,0,5.65,0,AC10,Asphalt PG 58-28,065 Asphalt,ASPHALT,ASP,0,END,LIQUID,N,,,West_Plt,West_Plt,West_Plt,854.0488163,308539.4855,858.0778002,309995.0236,IS,5.65,309406.4667,856.4486525,Y,N
07-11-2020 0:00,07-11-2020 23:59,TK194,,T,,IS,0,0,0,0,0,0,0,0,5.65,0,5.65,0,AC10,Asphalt PG 58-28,065 Asphalt,ASPHALT,ASP,0,END,LIQUID,N,,,West_Plt,West_Plt,West_Plt,863.0986281,311808.8821,920.6260591,332591.6332,IS,5.65,332434.8869,920.1921794,N,Y
07-11-2020 0:00,07-11-2020 23:59,TK3201,,T,,OS,0,0,0,0,0,0,0,0,5.65,0,5.65,0,AC10,Asphalt PG 58-28,065 Asphalt,ASPHALT,ASP,0,END,LIQUID,N,,,West_Plt,West_Plt,West_Plt,,,0.001,0.361266803,OS,5.65,0,0,N,Y
06-11-2020 0:00,06-11-2020 23:59,TK3201,,T,,OS,0,0,0,0,0,0,0,0,5.65,0,5.65,0,AC10,Asphalt PG 58-28,065 Asphalt,ASPHALT,ASP,0,END,LIQUID,N,,,West_Plt,West_Plt,West_Plt,,,0.001,0.361266803,OS,5.65,0,0,Y,N
07-11-2020 0:00,07-11-2020 23:59,TT_110720_0008,TT_110720_0008,S,S_Asphalt_TR,IS,199058.0085,551,0,0,199001.8605,550.8445803,0,0,5.65,,5.65,0,AC10,Asphalt PG 58-28,065 Asphalt,ASPHALT,ASP,0,END,LIQUID,N,n_AC10_sales,S_Asphalt_TR,West_Plt,,West_Plt,0,0,0,0,,0,0,0,N,Y
07-11-2020 0:00,07-11-2020 23:59,TK145,,T,,IS,0,0,0,0,0,0,0,0,4.93,0,4.93,0,AC20,Asphalt PG 64-22,065 Asphalt,ASPHALT,ASP,0,END,LIQUID,N,,,West_Plt,West_Plt,West_Plt,,,3379.218002,1227241.969,IS,4.93,1227241.969,3379.218002,N,Y
06-11-2020 0:00,06-11-2020 23:59,TK145,,T,,IS,0,0,0,0,0,0,0,0,4.93,0,4.93,0,AC20,Asphalt PG 64-22,065 Asphalt,ASPHALT,ASP,0,END,LIQUID,N,,,West_Plt,West_Plt,West_Plt,,,3374.879139,1225666.21,IS,4.93,1225666.21,3374.879139,Y,N
06-11-2020 0:00,06-11-2020 23:59,TK191,,T,,IS,0,0,0,0,0,0,0,0,4.93,0,4.93,0,AC20,Asphalt PG 64-22,065 Asphalt,ASPHALT,ASP,0,END,LIQUID,N,,,West_Plt,West_Plt,West_Plt,2684.21717,974836.1792,1371.82444,498210.0967,IS,4.93,498210.0967,1371.82444,Y,N
07-11-2020 0:00,07-11-2020 23:59,TK191,,T,,IS,0,0,0,0,0,0,0,0,4.93,0,4.93,0,AC20,Asphalt PG 64-22,065 Asphalt,ASPHALT,ASP,0,END,LIQUID,N,,,West_Plt,West_Plt,West_Plt,1371.631875,498140.162,1371.609174,498131.9177,IS,4.93,498131.9177,1371.609174,N,Y
07-11-2020 0:00,07-11-2020 23:59,TK192,,T,,IS,0,0,0,0,0,0,0,0,4.93,0,4.93,0,AC20,Asphalt PG 64-22,065 Asphalt,ASPHALT,ASP,0,END,LIQUID,N,,,West_Plt,West_Plt,West_Plt,2020.249266,733700.722,2020.454873,733775.3927,IS,4.93,733775.3927,2020.454873,N,Y
06-11-2020 0:00,06-11-2020 23:59,TK192,,T,,IS,0,0,0,0,0,0,0,0,4.93,0,4.93,0,AC20,Asphalt PG 64-22,065 Asphalt,ASPHALT,ASP,0,END,LIQUID,N,,,West_Plt,West_Plt,West_Plt,3294.856038,1196603.951,2020.305641,733721.1957,IS,4.93,733721.1957,2020.305641,Y,N
06-11-2020 0:00,06-11-2020 23:59,TK2006,,T,,IS,0,0,0,0,0,0,0,0,4.93,0,4.93,0,AC20,Asphalt PG 64-22,065 Asphalt,ASPHALT,ASP,0,END,LIQUID,N,,,West_Plt,West_Plt,West_Plt,3372.153349,1224676.275,6975.397558,2533278.596,IS,4.93,2533278.596,6975.397558,Y,N
07-11-2020 0:00,07-11-2020 23:59,TK2006,,T,,IS,0,0,0,0,0,0,0,0,4.93,0,4.93,0,AC20,Asphalt PG 64-22,065 Asphalt,ASPHALT,ASP,0,END,LIQUID,N,,,West_Plt,West_Plt,West_Plt,6923.09952,2514285.341,15497.21357,5628175.185,IS,4.93,5628175.185,15497.21357,N,Y
07-11-2020 0:00,07-11-2020 23:59,10TK89,,T,,IS,0,0,0,0,0,0,0,0,-53,0,-53,0,E_SULFUR,EP Sulfur,070 Sulfur,SULFUR,SLF,0,END,LIQUID,N,,,East_Plt,East_Plt,East_Plt,290.5705,183402.7029,290.5705,183402.7029,IS,-53,184252.7414,291.917242,N,Y
06-11-2020 0:00,06-11-2020 23:59,10TK89,,T,,IS,0,0,0,0,0,0,0,0,-53,0,-53,0,E_SULFUR,EP Sulfur,070 Sulfur,SULFUR,SLF,0,END,LIQUID,N,,,East_Plt,East_Plt,East_Plt,288.2848,181960.0115,290.5705,183402.7029,IS,-53,182638.2552,289.3593621,Y,N
07-11-2020 0:00,07-11-2020 23:59,f_AcidGas_No2Fl,gcm_75FC401,R,R_SWAcidGas_PL,OS,0,0,0,0,0,0,0,0,34,34,0,33.63548753,H2SULGS,WP Hydrogen Sulfide Gas,070 Sulfur,H2S,SLF,0,GAS,GAS,N,R_SWAcidGas_PL,n_AcidGas_No2,,West_Plt,West_Plt,0,0,0,0,,0,0,0,N,Y
07-11-2020 0:00,07-11-2020 23:59,TK200,,T,,IS,0,0,0,0,0,0,0,0,-53,0,-52,0,SULFUR,WP Sulfur,070 Sulfur,SULFUR,SLF,0,END,LIQUID,N,,,West_Plt,West_Plt,West_Plt,168.5,105016.2834,0.0001,0.062324204,IS,-52,0.062324204,0.0001,N,Y
06-11-2020 0:00,06-11-2020 23:59,TK200,,T,,IS,0,0,0,0,0,0,0,0,-53,0,-52,0,SULFUR,WP Sulfur,070 Sulfur,SULFUR,SLF,0,END,LIQUID,N,,,West_Plt,West_Plt,West_Plt,168.5,105016.2834,0.0001,0.062324204,IS,-52,0.062324204,0.0001,Y,N
06-11-2020 0:00,06-11-2020 23:59,TK2000,,T,,IS,0,0,0,0,0,0,0,0,-53,0,-52,0,SULFUR,WP Sulfur,070 Sulfur,SULFUR,SLF,0,END,LIQUID,N,,,West_Plt,West_Plt,West_Plt,200,124648.4076,0.0001,0.062324204,IS,-52,0.062324204,0.0001,Y,N
07-11-2020 0:00,07-11-2020 23:59,TK2000,,T,,IS,0,0,0,0,0,0,0,0,-53,0,-52,0,SULFUR,WP Sulfur,070 Sulfur,SULFUR,SLF,0,END,LIQUID,N,,,West_Plt,West_Plt,West_Plt,200,124648.4076,0.0001,0.062324204,IS,-52,0.062324204,0.0001,N,Y
06-11-2020 0:00,06-11-2020 23:59,TK2005,,T,,IS,0,0,0,0,0,0,0,0,-53,0,-52,0,SULFUR,WP Sulfur,070 Sulfur,SULFUR,SLF,0,END,LIQUID,N,,,West_Plt,West_Plt,West_Plt,0,0,965,601428.5669,IS,-52,287301.832,460.9795463,Y,N
07-11-2020 0:00,07-11-2020 23:59,TK2005,,T,,IS,0,0,0,0,0,0,0,0,-53,0,-52,0,SULFUR,WP Sulfur,070 Sulfur,SULFUR,SLF,0,END,LIQUID,N,,,West_Plt,West_Plt,West_Plt,0,0,965,601428.5669,IS,-52,307411.6539,493.2460184,N,Y
06-11-2020 0:00,06-11-2020 23:59,TK105,,T,,IS,0,0,0,0,0,0,0,0,17,0,17,0,ASPHSLOP,Asphalt Slop,080 Intermediate,ASPHALT,SLP,0,CRU,LIQUID,N,,,West_Plt,West_Plt,West_Plt,2809.654213,937454.6948,2808.19853,936968.9991,IS,17,937454.6948,2809.654213,Y,N
07-11-2020 0:00,07-11-2020 23:59,TK105,,T,,IS,0,0,0,0,0,0,0,0,17,0,17,0,ASPHSLOP,Asphalt Slop,080 Intermediate,ASPHALT,SLP,0,CRU,LIQUID,N,,,West_Plt,West_Plt,West_Plt,2809.93959,937549.912,2808.711675,937140.2125,IS,17,937549.912,2809.93959,N,Y
07-11-2020 0:00,07-11-2020 23:59,10TK12,,T,,IS,0,0,0,0,0,0,0,0,42,0,42.00999832,0,E_LSDDYEDAD,EP Jet Buffer,080 Intermediate,DIESEL,DBL,0,END,LIQUID,N,,,East_Plt,East_Plt,East_Plt,3414.82694,975142.4469,2508.035611,716197.929,IS,42.00999832,716431.6993,2508.854245,N,Y
06-11-2020 0:00,06-11-2020 23:59,10TK12,,T,,IS,0,0,0,0,0,0,0,0,42,0,42.00999832,0,E_LSDDYEDAD,EP Jet Buffer,080 Intermediate,DIESEL,DBL,0,END,LIQUID,N,,,East_Plt,East_Plt,East_Plt,4306.431551,1229750.226,3414.836798,975145.2621,IS,42.00999832,975246.3971,3415.19096,Y,N
06-11-2020 0:00,06-11-2020 23:59,10TK45,,T,,IS,0,0,0,0,0,0,0,0,28,0,27.31999969,0,E_LTCYCOIL,EP Light Cycle Oil,080 Intermediate,CYCLE OIL,DBL,0,END,LIQUID,N,,,East_Plt,East_Plt,East_Plt,5824.1962,1816998.939,4616.629457,1440269.272,IS,27.31999969,1446954.441,4638.058051,Y,N
07-11-2020 0:00,07-11-2020 23:59,10TK45,,T,,IS,0,0,0,0,0,0,0,0,28,0,27.31999969,0,E_LTCYCOIL,EP Light Cycle Oil,080 Intermediate,CYCLE OIL,DBL,0,END,LIQUID,N,,,East_Plt,East_Plt,East_Plt,4616.615593,1440264.947,3414.485626,1065231.415,IS,27.31999969,1070458.765,3431.24134,N,Y
07-11-2020 0:00,07-11-2020 23:59,TK140,,T,,IS,0,0,0,0,0,0,0,0,28,0,25,0,E_LTCYCOIL,EP Light Cycle Oil,080 Intermediate,CYCLE OIL,DBL,0,END,LIQUID,N,,,West_Plt,West_Plt,West_Plt,4119.345168,1304180.522,4121.652764,1304911.105,IS,25,1304180.522,4119.345168,N,Y
06-11-2020 0:00,06-11-2020 23:59,TK140,,T,,IS,0,0,0,0,0,0,0,0,28,0,25,0,E_LTCYCOIL,EP Light Cycle Oil,080 Intermediate,CYCLE OIL,DBL,0,END,LIQUID,N,,,West_Plt,West_Plt,West_Plt,4122.966121,1305326.913,4120.340494,1304495.641,IS,25,1305326.913,4122.966121,Y,N
06-11-2020 0:00,06-11-2020 23:59,10TK37,,T,,IS,0,0,0,0,0,0,0,0,57,0,56.63000107,0,E_NAP,EP Crude Unit Naphtha,080 Intermediate,NAPHTHA,INT,0,END,LIQUID,N,,,East_Plt,East_Plt,East_Plt,7200.868851,1896490.673,7103.206054,1870769.251,IS,56.63000107,1870702.569,7102.952867,Y,N
07-11-2020 0:00,07-11-2020 23:59,10TK37,,T,,IS,0,0,0,0,0,0,0,0,57,0,56.63000107,0,E_NAP,EP Crude Unit Naphtha,080 Intermediate,NAPHTHA,INT,0,END,LIQUID,N,,,East_Plt,East_Plt,East_Plt,7103.204855,1870768.935,6999.089169,1843348.018,IS,56.63000107,1843412.449,6999.333808,N,Y
06-11-2020 0:00,06-11-2020 23:59,10TK58,,T,,IS,0,0,0,0,0,0,0,0,57,0,56.63000107,0,E_NAP,EP Crude Unit Naphtha,080 Intermediate,NAPHTHA,INT,0,END,LIQUID,N,,,East_Plt,East_Plt,East_Plt,8007.184,2108849.652,7585.834374,1997878.927,IS,56.63000107,2130385.024,8088.952602,Y,N
07-11-2020 0:00,07-11-2020 23:59,10TK58,,T,,IS,0,0,0,0,0,0,0,0,57,0,56.63000107,0,E_NAP,EP Crude Unit Naphtha,080 Intermediate,NAPHTHA,INT,0,END,LIQUID,N,,,East_Plt,East_Plt,East_Plt,7884.724655,2076597.571,7475.352804,1968781.429,IS,56.63000107,2144321.875,8141.870043,N,Y
07-11-2020 0:00,07-11-2020 23:59,10TK20,,T,,IS,0,0,0,0,0,0,0,0,50,0,44,0,E_SLOP,EP Offspec Product,080 Intermediate,SLOP,SLP,0,CRU,LIQUID,N,,,East_Plt,East_Plt,East_Plt,5964.477958,1683911.198,5852.796763,1652380.993,IS,44,1683911.198,5964.477958,N,Y
06-11-2020 0:00,06-11-2020 23:59,10TK20,,T,,IS,0,0,0,0,0,0,0,0,50,0,44,0,E_SLOP,EP Offspec Product,080 Intermediate,SLOP,SLP,0,CRU,LIQUID,N,,,East_Plt,East_Plt,East_Plt,5963.437845,1683617.55,5850.039441,1651602.537,IS,44,1683617.55,5963.437845,Y,N
06-11-2020 0:00,06-11-2020 23:59,10TK79,,T,,IS,0,0,0,0,0,0,0,0,25,0,29.26000023,0,E_SWTGASOIL,EP FCC Charge,080 Intermediate,GASOIL,GOL,0,END,LIQUID,N,,,East_Plt,East_Plt,East_Plt,35257.57291,10858609.75,43491.43831,13404469.79,IS,29.26000023,14559487.66,47238.94859,Y,N
07-11-2020 0:00,07-11-2020 23:59,10TK79,,T,,IS,0,0,0,0,0,0,0,0,25,0,29.26000023,0,E_SWTGASOIL,EP FCC Charge,080 Intermediate,GASOIL,GOL,0,END,LIQUID,N,,,East_Plt,East_Plt,East_Plt,43413.72928,13380519.14,49374.83667,15217788.42,IS,29.26000023,15139187.21,49119.81132,N,Y
07-11-2020 0:00,07-11-2020 23:59,TK778,,T,,IS,0,0,0,0,0,0,0,0,57,0,57.22000122,0,NAPSR,WP Sour Naphtha,080 Intermediate,NAPHTHA,INT,0,END,LIQUID,N,,,West_Plt,West_Plt,West_Plt,53212.0221,13970620.64,53212.0221,13970620.64,IS,57.22000122,14330030.04,54580.95921,N,Y
06-11-2020 0:00,06-11-2020 23:59,TK778,,T,,IS,0,0,0,0,0,0,0,0,57,0,57.22000122,0,NAPSR,WP Sour Naphtha,080 Intermediate,NAPHTHA,INT,0,END,LIQUID,N,,,West_Plt,West_Plt,West_Plt,53212.0221,13970620.64,53212.0221,13970620.64,IS,57.22000122,15376650.65,58567.38188,Y,N
06-11-2020 0:00,06-11-2020 23:59,TK400,,T,,IS,0,0,0,0,0,0,0,0,120,0,125,0,PB,WP Propane/Butane Mix,080 Intermediate,LPG,INT,0,LPG,LIQUID,N,,,West_Plt,West_Plt,West_Plt,4119.155926,795691.5213,3122.911468,603248.3892,IS,125,579077.0587,2997.780715,Y,N
07-11-2020 0:00,07-11-2020 23:59,TK400,,T,,IS,0,0,0,0,0,0,0,0,120,0,125,0,PB,WP Propane/Butane Mix,080 Intermediate,LPG,INT,0,LPG,LIQUID,N,,,West_Plt,West_Plt,West_Plt,3091.500938,597180.8615,4413.840066,852615.2397,IS,125,858825.4089,4445.989026,N,Y
07-11-2020 0:00,07-11-2020 23:59,TK021,,T,,IS,0,0,0,0,0,0,0,0,40,0,42.6,0,SLOP,WP Refinery Slop,080 Intermediate,SLOP,SLP,0,CRU,LIQUID,N,,,West_Plt,West_Plt,West_Plt,5,1422.967893,5,1422.967893,IS,42.6,1419.098993,4.986405526,N,Y
06-11-2020 0:00,06-11-2020 23:59,TK021,,T,,IS,0,0,0,0,0,0,0,0,40,0,42.6,0,SLOP,WP Refinery Slop,080 Intermediate,SLOP,SLP,0,CRU,LIQUID,N,,,West_Plt,West_Plt,West_Plt,5,1422.967893,5,1422.967893,IS,42.6,1419.106083,4.986430439,Y,N
06-11-2020 0:00,06-11-2020 23:59,TK003,,T,,IS,0,0,0,0,0,0,0,0,23,0,26,0,SOURGASOIL,WP Sour Gas Oil (#4 HDS Feed),080 Intermediate,GASOIL,GOL,0,END,LIQUID,N,,,West_Plt,West_Plt,West_Plt,34312.3322,10794276.73,33279.84022,10469466.28,IS,26,10794276.73,34312.3322,Y,N
07-11-2020 0:00,07-11-2020 23:59,TK003,,T,,IS,0,0,0,0,0,0,0,0,23,0,26,0,SOURGASOIL,WP Sour Gas Oil (#4 HDS Feed),080 Intermediate,GASOIL,GOL,0,END,LIQUID,N,,,West_Plt,West_Plt,West_Plt,33287.56106,10471895.16,40872.6039,12858064.98,IS,26,10471895.16,33287.56106,N,Y
07-11-2020 0:00,07-11-2020 23:59,TK777,,T,,IS,0,0,0,0,0,0,0,0,48.5,0,56.40000153,0,SOURKERO,WP Sour LSR/Naph/Kero (#2 HDS Feed),080 Intermediate,KEROSENE,INT,0,END,LIQUID,N,,,West_Plt,West_Plt,West_Plt,54556.55745,14386132.05,59474.85731,15683048.77,IS,56.40000153,13613480.28,51626.42857,N,Y
06-11-2020 0:00,06-11-2020 23:59,TK777,,T,,IS,0,0,0,0,0,0,0,0,48.5,0,56.40000153,0,SOURKERO,WP Sour LSR/Naph/Kero (#2 HDS Feed),080 Intermediate,KEROSENE,INT,0,END,LIQUID,N,,,West_Plt,West_Plt,West_Plt,49494.36255,13051271.36,54846.65793,14462629.25,IS,56.40000153,14801695.55,56132.49973,Y,N
06-11-2020 0:00,06-11-2020 23:59,TK774,,T,,IS,0,0,0,0,0,0,0,0,33,0,34.54000092,0,SRDIESEL,WP Sour Diesel,080 Intermediate,DIESEL,INT,0,END,LIQUID,N,,,West_Plt,West_Plt,West_Plt,65545.00612,19559184.76,72415.57863,21609421.76,IS,34.54000092,21618360.04,72445.53178,Y,N
07-11-2020 0:00,07-11-2020 23:59,TK774,,T,,IS,0,0,0,0,0,0,0,0,33,0,34.54000092,0,SRDIESEL,WP Sour Diesel,080 Intermediate,DIESEL,INT,0,END,LIQUID,N,,,West_Plt,West_Plt,West_Plt,72415.69263,21609455.78,85368.53095,25474692.4,IS,34.54000092,25372052.6,85024.57355,N,Y
07-11-2020 0:00,07-11-2020 23:59,TK144,,T,,OS,0,0,0,0,0,0,0,0,23,0,23,0,SRGASOIL,WP Sour Gas Oil,080 Intermediate,GASOIL,GOL,3,END,LIQUID,N,,,West_Plt,West_Plt,West_Plt,,,0.001,0.320697359,OS,23,0,0,N,Y
06-11-2020 0:00,06-11-2020 23:59,TK144,,T,,OS,0,0,0,0,0,0,0,0,23,0,23,0,SRGASOIL,WP Sour Gas Oil,080 Intermediate,GASOIL,GOL,3,END,LIQUID,N,,,West_Plt,West_Plt,West_Plt,,,0.001,0.320697359,OS,23,0,0,Y,N
06-11-2020 0:00,06-11-2020 23:59,TK001,,T,,IS,0,0,0,0,0,0,0,0,26,0,26,0,SWTGASOIL,WP GOHDS/Crude Unit Sweet Gas Oil,080 Intermediate,GASOIL,GOL,0,END,LIQUID,N,,,West_Plt,West_Plt,West_Plt,29629.58304,9321136.111,29620.38454,9318242.365,IS,26,9321136.11,29629.58304,Y,N
07-11-2020 0:00,07-11-2020 23:59,TK001,,T,,IS,0,0,0,0,0,0,0,0,26,0,26,0,SWTGASOIL,WP GOHDS/Crude Unit Sweet Gas Oil,080 Intermediate,GASOIL,GOL,0,END,LIQUID,N,,,West_Plt,West_Plt,West_Plt,29620.38454,9318242.365,29627.57593,9320504.696,IS,26,9318242.365,29620.38454,N,Y
07-11-2020 0:00,07-11-2020 23:59,TK002,,T,,IS,0,0,0,0,0,0,0,0,26,0,22.37000084,0,SWTGASOIL,WP GOHDS/Crude Unit Sweet Gas Oil,080 Intermediate,GASOIL,GOL,0,END,LIQUID,N,,,West_Plt,West_Plt,West_Plt,93371.07831,30066459.2,94691.7705,30491735.83,IS,22.37000084,31545421.39,97963.98011,N,Y
06-11-2020 0:00,06-11-2020 23:59,TK002,,T,,IS,0,0,0,0,0,0,0,0,26,0,22.37000084,0,SWTGASOIL,WP GOHDS/Crude Unit Sweet Gas Oil,080 Intermediate,GASOIL,GOL,0,END,LIQUID,N,,,West_Plt,West_Plt,West_Plt,85951.42939,27677255.01,93261.37607,30031133.93,IS,22.37000084,29372636.34,91216.41858,Y,N
06-11-2020 0:00,06-11-2020 23:59,TK058,,T,,IS,0,0,0,0,0,0,0,0,26,0,26,0,SWTGASOIL,WP GOHDS/Crude Unit Sweet Gas Oil,080 Intermediate,GASOIL,GOL,0,END,LIQUID,N,,,West_Plt,West_Plt,West_Plt,14532.63081,4571803.445,5508.557196,1732930.609,IS,26,4571803.445,14532.63081,Y,N
07-11-2020 0:00,07-11-2020 23:59,TK058,,T,,IS,0,0,0,0,0,0,0,0,26,0,26,0,SWTGASOIL,WP GOHDS/Crude Unit Sweet Gas Oil,080 Intermediate,GASOIL,GOL,0,END,LIQUID,N,,,West_Plt,West_Plt,West_Plt,14536.0555,4572880.814,5509.204451,1733134.228,IS,26,4572880.814,14536.0555,N,Y
07-11-2020 0:00,07-11-2020 23:59,f_CokeBurn,slm_35SUM006,S,S5_CokeBurn,IS,100446.1122,273.1934398,0,0,105005.097,285.5929577,0,,3.26,0,3.26,0,COKECONS,WP FCC Coke Consumed,090 Fuels,COKE,LOS,0,FUEL,LIQUID,N,No1 FCC,S5_CokeBurn,West_Plt,,West_Plt,0,0,0,0,,0,0,0,N,Y
07-11-2020 0:00,07-11-2020 23:59,F_FCC_COKE,m_COKE_BURN,S,s_FCCU_COKEBURN,IS,88536.27392,240.8725248,0,0,99483.51184,270.6556585,0,,3.26,0,3.3,0,E_COKECONS,EP FCC Coke Consumed,090 Fuels,COKE,LOS,0,FUEL,LIQUID,N,No2 FCC,s_FCCU_COKEBURN,East_Plt,,East_Plt,0,0,0,0,,0,0,0,N,Y
07-11-2020 0:00,07-11-2020 23:59,F_CG_P2Flare_Lg,gcm_57FX121,S,S8,IS,39234.67506,0,783.3666175,131.6272426,37451.52917,0,748.4903832,125.7670713,16,16,0,19.0067997,E_FUELGSCON,EP Fuel Gas Consumed,090 Fuels,FUEL GAS,GAS,0,FUEL,GAS,N,FUELGAS_E_SWT,S8,FUEL_GAS_E,,FUEL_GAS_E,0,0,0,0,,0,0,0,N,Y
07-11-2020 0:00,07-11-2020 23:59,F_CG_P2Flare_Sm,gcm_57FX122,S,S8,IS,20742.4396,0,414.1473002,69.58819272,20244.05293,0,404.5890586,67.98214396,16,16,0,19.0067997,E_FUELGSCON,EP Fuel Gas Consumed,090 Fuels,FUEL GAS,GAS,0,FUEL,GAS,N,FUELGAS_E_SWT,S8,FUEL_GAS_E,,FUEL_GAS_E,0,0,0,0,,0,0,0,N,Y
07-11-2020 0:00,07-11-2020 23:59,F_FG_BOILERNo1,gcm_51FC522,S,s_FUELGAS Y,IS,72576.45297,0,2376.218182,217.0176228,48170.36204,0,1578.672906,144.1786128,16,16,0,11.59080029,E_FUELGSCON,EP Fuel Gas Consumed,090 Fuels,FUEL GAS,GAS,0,FUEL,GAS,N,FUELGAS_E_SWT,s_FUELGAS Y,FUEL_GAS_E,,FUEL_GAS_E,0,0,0,0,,0,0,0,N,Y
07-11-2020 0:00,07-11-2020 23:59,F_FG_BOILERNo2,gcm_51FC622,S,s_FUELGAS Y,IS,92837.79722,0,3039.59277,277.6029585,82853.98486,0,2715.34893,247.9900939,16,16,0,11.59080029,E_FUELGSCON,EP Fuel Gas Consumed,090 Fuels,FUEL GAS,GAS,0,FUEL,GAS,N,FUELGAS_E_SWT,s_FUELGAS Y,FUEL_GAS_E,,FUEL_GAS_E,0,0,0,0,,0,0,0,N,Y
07-11-2020 0:00,07-11-2020 23:59,F_FG_BOILERNo3,gcm_51FI106,S,s_FUELGAS Y,OS,0,0,0,0,0,0,0,0,16,16,0,11.59080029,E_FUELGSCON,EP Fuel Gas Consumed,090 Fuels,FUEL GAS,GAS,0,FUEL,GAS,N,FUELGAS_E_SWT,s_FUELGAS Y,FUEL_GAS_E,,FUEL_GAS_E,0,0,0,0,,0,0,0,N,Y
07-11-2020 0:00,07-11-2020 23:59,F_FG_CRD HTR,gcm_01FC148,S,s_FUELGAS Y,IS,72995.37506,0,2389.934067,269.7082684,48306.7198,0,1583.141718,178.6603309,16,16,0,11.59080029,E_FUELGSCON,EP Fuel Gas Consumed,090 Fuels,FUEL GAS,GAS,0,FUEL,GAS,N,FUELGAS_E_SWT,s_FUELGAS Y,FUEL_GAS_E,,FUEL_GAS_E,0,0,0,0,,0,0,0,N,Y
07-11-2020 0:00,07-11-2020 23:59,F_FG_EXCESS FLA,gcm_205FI114,S,S8,IS,15953.03578,0,522.3167035,58.94435984,14773.81961,0,484.1779829,54.64033806,16,16,0,11.59080029,E_FUELGSCON,EP Fuel Gas Consumed,090 Fuels,FUEL GAS,GAS,0,FUEL,GAS,N,FUELGAS_E_SWT,S8,FUEL_GAS_E,,FUEL_GAS_E,0,0,0,0,,0,0,0,N,Y
07-11-2020 0:00,07-11-2020 23:59,F_FG_FCC AIR HT,gcm_02FI164,S,S4,IS,4040.503531,0,132.2897105,14.92912681,3913.578207,0,128.2585312,14.47420112,16,16,0,11.59080029,E_FUELGSCON,EP Fuel Gas Consumed,090 Fuels,FUEL GAS,GAS,0,FUEL,GAS,N,FUELGAS_E_SOUR,S4,FUEL_GAS_E,,FUEL_GAS_E,0,0,0,0,,0,0,0,N,Y
07-11-2020 0:00,07-11-2020 23:59,F_FG_FCC PREHTX,gcm_02FC117,S,s_FUELGAS Y,IS,4170.642609,0,136.5505807,15.40997351,4090.046755,0,134.0418822,15.12686247,16,16,0,11.59080029,E_FUELGSCON,EP Fuel Gas Consumed,090 Fuels,FUEL GAS,GAS,0,FUEL,GAS,N,FUELGAS_E_SWT,s_FUELGAS Y,FUEL_GAS_E,,FUEL_GAS_E,0,0,0,0,,0,0,0,N,Y
07-11-2020 0:00,07-11-2020 23:59,F_FG_REF HTRS,gcm_04FI117,S,s_FUELGAS Y,IS,83977.6915,0,2749.50496,310.2864769,51301.26089,0,1681.28092,189.7355127,16,16,0,11.59080029,E_FUELGSCON,EP Fuel Gas Consumed,090 Fuels,FUEL GAS,GAS,0,FUEL,GAS,N,FUELGAS_E_SWT,s_FUELGAS Y,FUEL_GAS_E,,FUEL_GAS_E,0,0,0,0,,0,0,0,N,Y
07-11-2020 0:00,07-11-2020 23:59,F_FG_SRU INCIN,gcm_07FI107,S,s_FUELGAS Y,IS,1582.626409,0,51.81660847,5.84759552,1571.020917,0,51.48659986,5.810353467,16,16,0,11.59080029,E_FUELGSCON,EP Fuel Gas Consumed,090 Fuels,FUEL GAS,GAS,0,FUEL,GAS,N,FUELGAS_E_SWT,s_FUELGAS Y,FUEL_GAS_E,,FUEL_GAS_E,0,0,0,0,,0,0,0,N,Y
07-11-2020 0:00,07-11-2020 23:59,F_FG_SRU THERM,gcm_07FC126,S,s_FUELGAS Y,IS,634.8894754,0,20.78685101,2.345832745,633.0217931,0,20.74583439,2.341203947,16,16,0,11.59080029,E_FUELGSCON,EP Fuel Gas Consumed,090 Fuels,FUEL GAS,GAS,0,FUEL,GAS,N,FUELGAS_E_SWT,s_FUELGAS Y,FUEL_GAS_E,,FUEL_GAS_E,0,0,0,0,,0,0,0,N,Y
07-11-2020 0:00,07-11-2020 23:59,F_FG_VAC HTR,gcm_01FC149,S,s_FUELGAS Y,IS,14332.63678,0,469.2633867,52.9571996,13380.80777,0,438.5252215,49.48834354,16,16,0,11.59080029,E_FUELGSCON,EP Fuel Gas Consumed,090 Fuels,FUEL GAS,GAS,0,FUEL,GAS,N,FUELGAS_E_SWT,s_FUELGAS Y,FUEL_GAS_E,,FUEL_GAS_E,0,0,0,0,,0,0,0,N,Y
07-11-2020 0:00,07-11-2020 23:59,F_PSCO1_NATRGAS,gcm_205FI111,R,r_NATGAS RCPT,IS,11258.83039,0,224.7958436,37.77191468,12244.34678,0,244.7103234,41.11809769,18,18,0,19.0067997,E_PURNATGS,EP NG Purchased for fuel,090 Fuels,FUEL GAS,GAS,0,FUEL,GAS,N,r_NATGAS RCPT,FUELGAS_E_SOUR,,FUEL_GAS_E,FUEL_GAS_E,0,0,0,0,,0,0,0,N,Y
07-11-2020 0:00,07-11-2020 23:59,F_PSCO2_NATRGAS,gcm_205FI112,R,RS6,IS,919.9652176,0,18.3681919,3.086363903,923.8866936,0,18.46440774,3.102530824,18,18,0,19.0067997,E_PURNATGS,EP NG Purchased for fuel,090 Fuels,FUEL GAS,GAS,0,FUEL,GAS,N,RS6,FUELGAS_E_SWT,,FUEL_GAS_E,FUEL_GAS_E,0,0,0,0,,0,0,0,N,Y
07-11-2020 0:00,07-11-2020 23:59,F_CG_AUFlare,gcm_39FC265,S,S_Flare_Loss,OS,0,0,0,0,0,0,0,0,16,16,0,19.0067997,FUELGSCON,WP Fuel Gas Consumed,090 Fuels,FUEL GAS,GAS,0,FUEL,GAS,N,FUEL TO MAIN P2,S_Flare_Loss,FUEL GAS,,FUEL GAS,0,0,0,0,,0,0,0,N,Y
07-11-2020 0:00,07-11-2020 23:59,F_CG_GBRFlare_Lg,gcm_39FX2431,S,S_Flare_Loss,IS,7289.818372,0,145.5498319,24.4563945,7264.874832,0,145.1927082,24.39638784,16,16,0,19.0067997,FUELGSCON,WP Fuel Gas Consumed,090 Fuels,FUEL GAS,GAS,0,FUEL,GAS,N,FUEL GAS,S_Flare_Loss,FUEL GAS,,FUEL GAS,0,0,0,0,,0,0,0,N,Y
07-11-2020 0:00,07-11-2020 23:59,F_CG_GBRFlare_Sm,gcm_39FX2432,S,S_Flare_Loss,IS,1848.798304,0,36.91344127,6.202478354,1847.193936,0,36.91723483,6.203115778,16,16,0,19.0067997,FUELGSCON,WP Fuel Gas Consumed,090 Fuels,FUEL GAS,GAS,0,FUEL,GAS,N,FUEL GAS,S_Flare_Loss,FUEL GAS,,FUEL GAS,0,0,0,0,,0,0,0,N,Y
07-11-2020 0:00,07-11-2020 23:59,F_CG_P1Flare_Lg,gcm_39FX121,S,S_Flare_Loss,IS,12479.50899,0,249.1681332,41.86713294,12406.4086,0,247.9492222,41.66232219,16,16,0,19.0067997,FUELGSCON,WP Fuel Gas Consumed,090 Fuels,FUEL GAS,GAS,0,FUEL,GAS,N,FUEL GAS,S_Flare_Loss,FUEL GAS,,FUEL GAS,0,0,0,0,,0,0,0,N,Y
07-11-2020 0:00,07-11-2020 23:59,F_CG_P1Flare_Sm,gcm_39FX122,S,S_Flare_Loss,OS,0,0,0,0,0,0,0,0,16,16,0,19.0067997,FUELGSCON,WP Fuel Gas Consumed,090 Fuels,FUEL GAS,GAS,0,FUEL,GAS,N,FUEL GAS,S_Flare_Loss,FUEL GAS,,FUEL GAS,0,0,0,0,,0,0,0,N,Y
07-11-2020 0:00,07-11-2020 23:59,f_CityGas_H37,gcm_19FI326,S,RS8,IS,49565.03044,0,1128.870052,153.5704282,47794.57715,0,1089.604448,148.2287722,16,16,0,16.6623182,FUELGSCON,WP Fuel Gas Consumed,090 Fuels,FUEL GAS,GAS,0,FUEL,GAS,N,FUEL TO MAIN PL,RS8,FUEL GAS,,FUEL GAS,0,0,0,0,,0,0,0,N,Y
07-11-2020 0:00,07-11-2020 23:59,f_Gas_B4x,gcm_37FI922,S,RS9,OS,0,0,0,0,0,0,0,0,16,16,0,16.6623182,FUELGSCON,WP Fuel Gas Consumed,090 Fuels,FUEL GAS,GAS,0,FUEL,GAS,N,FUEL TO MAIN PL,RS9,FUEL GAS,,FUEL GAS,0,0,0,0,,0,0,0,N,Y
07-11-2020 0:00,07-11-2020 23:59,f_Gas_B6x,gcm_37FI901,S,RS10,IS,102831.0634,0,2342.032415,318.6079037,95210.58266,0,2170.57835,295.2834528,16,16,0,16.6623182,FUELGSCON,WP Fuel Gas Consumed,090 Fuels,FUEL GAS,GAS,0,FUEL,GAS,N,FUEL TO MAIN PL,RS10,FUEL GAS,,FUEL GAS,0,0,0,0,,0,0,0,N,Y
07-11-2020 0:00,07-11-2020 23:59,f_Gas_B8x,gcm_37FI992,S,RS8,IS,146331.0215,0,3332.767202,453.3865395,130899.5789,0,2984.203899,405.9683131,16,16,0,16.6623182,FUELGSCON,WP Fuel Gas Consumed,090 Fuels,FUEL GAS,GAS,0,FUEL,GAS,N,FUEL TO MAIN PL,RS8,FUEL GAS,,FUEL GAS,0,0,0,0,,0,0,0,N,Y
07-11-2020 0:00,07-11-2020 23:59,f_Gas_H10x,gcm_10FI338,S,RS10,IS,21366.1967,0,486.6265463,66.20022116,21037.20256,0,479.5989599,65.24419487,16,16,0,16.6623182,FUELGSCON,WP Fuel Gas Consumed,090 Fuels,FUEL GAS,GAS,0,FUEL,GAS,N,FUEL TO MAIN PL,RS10,FUEL GAS,,FUEL GAS,0,0,0,0,,0,0,0,N,Y
07-11-2020 0:00,07-11-2020 23:59,f_Gas_H11x,gcm_13FI26,S,RS10,IS,26048.04046,0,593.2580395,80.70626997,24092.15317,0,549.2446807,74.71873372,16,16,0,16.6623182,FUELGSCON,WP Fuel Gas Consumed,090 Fuels,FUEL GAS,GAS,0,FUEL,GAS,N,FUEL TO MAIN PL,RS10,FUEL GAS,,FUEL GAS,0,0,0,0,,0,0,0,N,Y
07-11-2020 0:00,07-11-2020 23:59,f_Gas_H13,gcm_19FI224,S,RS11,IS,5345.512548,0,121.7469045,16.56233526,5324.919889,0,121.3957052,16.51455843,16,16,0,16.6623182,FUELGSCON,WP Fuel Gas Consumed,090 Fuels,FUEL GAS,GAS,0,FUEL,GAS,N,FUEL TO MAIN PL,RS11,FUEL GAS,,FUEL GAS,0,0,0,0,,0,0,0,N,Y
07-11-2020 0:00,07-11-2020 23:59,f_Gas_H17,gcm_19FI223,S,RS9,IS,41075.28887,0,935.5116515,127.2661319,39859.39696,0,908.7009201,123.618825,16,16,0,16.6623182,FUELGSCON,WP Fuel Gas Consumed,090 Fuels,FUEL GAS,GAS,0,FUEL,GAS,N,FUEL TO MAIN PL,RS9,FUEL GAS,,FUEL GAS,0,0,0,0,,0,0,0,N,Y
07-11-2020 0:00,07-11-2020 23:59,f_Gas_H1716x,gcm_17FI274,S,RS11,IS,26183.95157,0,596.3534877,81.12737186,24207.60053,0,551.8766102,75.07677895,16,16,0,16.6623182,FUELGSCON,WP Fuel Gas Consumed,090 Fuels,FUEL GAS,GAS,0,FUEL,GAS,N,FUEL TO MAIN PL,RS11,FUEL GAS,,FUEL GAS,0,0,0,0,,0,0,0,N,Y
07-11-2020 0:00,07-11-2020 23:59,f_Gas_H1717x,gcm_17FI333,S,RS11,IS,15440.10438,0,351.6566273,47.83903936,14752.88694,0,336.3312785,45.75419321,16,16,0,16.6623182,FUELGSCON,WP Fuel Gas Consumed,090 Fuels,FUEL GAS,GAS,0,FUEL,GAS,N,FUEL TO MAIN PL,RS11,FUEL GAS,,FUEL GAS,0,0,0,0,,0,0,0,N,Y
07-11-2020 0:00,07-11-2020 23:59,f_Gas_H19x,gcm_10FI307,S,RS11,IS,8493.820286,0,193.4512954,26.31693367,8441.827887,0,192.4539093,26.1812502,16,16,0,16.6623182,FUELGSCON,WP Fuel Gas Consumed,090 Fuels,FUEL GAS,GAS,0,FUEL,GAS,N,FUEL TO MAIN PL,RS11,FUEL GAS,,FUEL GAS,0,0,0,0,,0,0,0,N,Y
07-11-2020 0:00,07-11-2020 23:59,f_Gas_H2002,gcm_75FI408,S,RS9,OS,0,0,0,0,0,0,0,0,16,16,0,16.6623182,FUELGSCON,WP Fuel Gas Consumed,090 Fuels,FUEL GAS,GAS,0,FUEL,GAS,N,FUEL TO MAIN PL,RS9,FUEL GAS,,FUEL GAS,0,0,0,0,,0,0,0,N,Y
07-11-2020 0:00,07-11-2020 23:59,f_Gas_H2003,gcm_75FI430,S,RS9,OS,0,0,0,0,0,0,0,0,16,16,0,16.6623182,FUELGSCON,WP Fuel Gas Consumed,090 Fuels,FUEL GAS,GAS,0,FUEL,GAS,N,FUEL TO MAIN PL,RS9,FUEL GAS,,FUEL GAS,0,0,0,0,,0,0,0,N,Y
07-11-2020 0:00,07-11-2020 23:59,f_Gas_H20x,gcm_15FI806,S,RS11,IS,6425.525441,0,146.3447752,19.90860663,6395.771054,0,145.8086044,19.83566645,16,16,0,16.6623182,FUELGSCON,WP Fuel Gas Consumed,090 Fuels,FUEL GAS,GAS,0,FUEL,GAS,N,FUEL TO MAIN PL,RS11,FUEL GAS,,FUEL GAS,0,0,0,0,,0,0,0,N,Y
07-11-2020 0:00,07-11-2020 23:59,f_Gas_H21x,gcm_35FI159,S,RS10,IS,6965.002502,0,158.6316535,26.65450209,6825.160941,0,155.5976884,26.14471209,16,16,0,16.6623182,FUELGSCON,WP Fuel Gas Consumed,090 Fuels,FUEL GAS,GAS,0,FUEL,GAS,N,FUEL TO MAIN PL,RS10,FUEL GAS,,FUEL GAS,0,0,0,0,,0,0,0,N,Y
07-11-2020 0:00,07-11-2020 23:59,f_Gas_H22x,gcm_35FI139,S,RS11,IS,13608.62804,0,309.9437749,42.16446185,13475.16457,0,307.2022002,41.79150058,16,16,0,16.6623182,FUELGSCON,WP Fuel Gas Consumed,090 Fuels,FUEL GAS,GAS,0,FUEL,GAS,N,FUEL TO MAIN PL,RS11,FUEL GAS,,FUEL GAS,0,0,0,0,,0,0,0,N,Y
07-11-2020 0:00,07-11-2020 23:59,f_gas_H24,gcm_74FI716,S,RS9,IS,874.6568789,0,19.92077777,2.710004014,872.4515715,0,19.88985299,2.705797036,16,16,0,16.6623182,FUELGSCON,WP Fuel Gas Consumed,090 Fuels,FUEL GAS,GAS,0,FUEL,GAS,N,FUEL TO MAIN PL,RS9,FUEL GAS,,FUEL GAS,0,0,0,0,,0,0,0,N,Y
07-11-2020 0:00,07-11-2020 23:59,f_Gas_H25,gcm_77FC771,S,RS11,IS,3508.693566,0,79.91237074,13.42748692,3451.359493,0,78.6829151,13.22090439,16,16,0,16.6623182,FUELGSCON,WP Fuel Gas Consumed,090 Fuels,FUEL GAS,GAS,0,FUEL,GAS,N,FUEL TO MAIN P2,RS11,FUEL GAS,,FUEL GAS,0,0,0,0,,0,0,0,N,Y
07-11-2020 0:00,07-11-2020 23:59,f_gas_H27,gcm_13FI54,S,RS10,IS,90205.17457,0,2054.471049,279.488324,66749.03099,0,1521.721614,207.0135881,16,16,0,16.6623182,FUELGSCON,WP Fuel Gas Consumed,090 Fuels,FUEL GAS,GAS,0,FUEL,GAS,N,FUEL TO MAIN PL,RS10,FUEL GAS,,FUEL GAS,0,0,0,0,,0,0,0,N,Y
07-11-2020 0:00,07-11-2020 23:59,f_Gas_H28x,gcm_15FI862,S,RS11,IS,26071.31995,0,593.7882422,80.77839826,25581.47373,0,583.1977022,79.33767107,16,16,0,16.6623182,FUELGSCON,WP Fuel Gas Consumed,090 Fuels,FUEL GAS,GAS,0,FUEL,GAS,N,FUEL TO MAIN PL,RS11,FUEL GAS,,FUEL GAS,0,0,0,0,,0,0,0,N,Y
07-11-2020 0:00,07-11-2020 23:59,f_Gas_H29x,gcm_15FI857,S,RS11,IS,23189.28004,0,528.1482434,71.84879409,22801.74743,0,519.8264513,70.71670526,16,16,0,16.6623182,FUELGSCON,WP Fuel Gas Consumed,090 Fuels,FUEL GAS,GAS,0,FUEL,GAS,N,FUEL TO MAIN PL,RS11,FUEL GAS,,FUEL GAS,0,0,0,0,,0,0,0,N,Y
07-11-2020 0:00,07-11-2020 23:59,f_Gas_H30x,gcm_15FI867,S,RS11,IS,11688.27731,0,266.2067611,36.21451932,11589.823,0,264.220827,35.94435469,16,16,0,16.6623182,FUELGSCON,WP Fuel Gas Consumed,090 Fuels,FUEL GAS,GAS,0,FUEL,GAS,N,FUEL TO MAIN PL,RS11,FUEL GAS,,FUEL GAS,0,0,0,0,,0,0,0,N,Y
07-11-2020 0:00,07-11-2020 23:59,f_Gas_H31x,gcm_16FI045,S,RS8,IS,14135.79678,0,321.9503248,43.79782169,13559.78112,0,309.1312593,42.05392799,16,16,0,16.6623182,FUELGSCON,WP Fuel Gas Consumed,090 Fuels,FUEL GAS,GAS,0,FUEL,GAS,N,FUEL TO MAIN PL,RS8,FUEL GAS,,FUEL GAS,0,0,0,0,,0,0,0,N,Y
07-11-2020 0:00,07-11-2020 23:59,f_Gas_H33,gcm_19FI334,S,RS11,IS,6157.253524,0,140.234739,23.56776038,6129.93182,0,139.7480923,23.48597485,16,16,0,16.6623182,FUELGSCON,WP Fuel Gas Consumed,090 Fuels,FUEL GAS,GAS,0,FUEL,GAS,N,FUEL TO MAIN PL,RS11,FUEL GAS,,FUEL GAS,0,0,0,0,,0,0,0,N,Y
07-11-2020 0:00,07-11-2020 23:59,f_Gas_H6x,gcm_13FI86,S,RS10,IS,5568.857136,0,126.8336968,17.25433773,5479.459535,0,124.9188473,16.99384339,16,16,0,16.6623182,FUELGSCON,WP Fuel Gas Consumed,090 Fuels,FUEL GAS,GAS,0,FUEL,GAS,N,FUEL TO MAIN PL,RS10,FUEL GAS,,FUEL GAS,0,0,0,0,,0,0,0,N,Y
07-11-2020 0:00,07-11-2020 23:59,f_Gas_W46x,gcm_16FI206,S,RS8,IS,14007.29587,0,319.0236478,43.39967928,13441.7051,0,306.4394025,41.6877303,16,16,0,16.6623182,FUELGSCON,WP Fuel Gas Consumed,090 Fuels,FUEL GAS,GAS,0,FUEL,GAS,N,FUEL TO MAIN PL,RS8,FUEL GAS,,FUEL GAS,0,0,0,0,,0,0,0,N,Y
07-11-2020 0:00,07-11-2020 23:59,f_GBR_D2410,gcm_24FI502,S,RS8,IS,31887.04436,0,726.2444732,107.3172188,31154.28352,0,710.2447167,104.9529332,16,0,0,16.6623182,FUELGSCON,WP Fuel Gas Consumed,090 Fuels,FUEL GAS,GAS,0,FUEL,GAS,N,FUEL TO MAIN PL,RS8,FUEL GAS,,FUEL GAS,0,0,0,0,,0,0,0,N,Y
07-11-2020 0:00,07-11-2020 23:59,f_H2_Natgasx,gcm_21FI416,S,S_1,IS,120072.2255,0,2397.383769,402.8267326,113305.0134,0,2264.465958,380.4928667,16,16,0,19.0067997,FUELGSCON,WP Fuel Gas Consumed,090 Fuels,FUEL GAS,GAS,0,FUEL,GAS,N,FUEL GAS,S_1,FUEL GAS,,FUEL GAS,0,0,0,0,,0,0,0,N,Y
07-11-2020 0:00,07-11-2020 23:59,Flow_13,gcm_21FC420,S,S2,IS,57284.05176,0,4928.945373,149.0990495,57139.50653,0,4921.284035,148.8672964,16,16,0,4.410458316,FUELGSCON,WP Fuel Gas Consumed,090 Fuels,FUEL GAS,GAS,0,FUEL,GAS,N,H2_UNIT,S2,West_Plt,,West_Plt,0,0,0,0,,0,0,0,N,Y
07-11-2020 0:00,07-11-2020 23:59,Flow_17,gcm_77FC119,S,S_1,IS,2817.651055,0,56.25773052,9.45285359,2813.924573,0,56.23790346,9.449522094,16,16,0,19.0067997,FUELGSCON,WP Fuel Gas Consumed,090 Fuels,FUEL GAS,GAS,0,FUEL,GAS,N,FUEL GAS,S_1,FUEL GAS,,FUEL GAS,0,0,0,0,,0,0,0,N,Y
07-11-2020 0:00,07-11-2020 23:59,Flow_41,gcm_39FI374,S,RS8,IS,2593.362111,0,51.7980677,8.703506978,2588.515256,0,51.75148255,8.695679386,16,16,0,19,FUELGSCON,WP Fuel Gas Consumed,090 Fuels,FUEL GAS,GAS,0,FUEL,GAS,N,FUEL TO MAIN PL,RS8,FUEL GAS,,FUEL GAS,0,0,0,0,,0,0,0,N,Y
07-11-2020 0:00,07-11-2020 23:59,Flow_42,gcm_38FI623,S,RS8,IS,8643.106122,0,164,27.55653266,8589.270044,0,163.1367962,27.41149057,16,16,0,20,FUELGSCON,WP Fuel Gas Consumed,090 Fuels,FUEL GAS,GAS,0,FUEL,GAS,N,FUEL TO MAIN PL,RS8,FUEL GAS,,FUEL GAS,0,0,0,0,,0,0,0,N,Y
07-11-2020 0:00,07-11-2020 23:59,Flow_43,gcm_38FI629,S,RS11,IS,14756.52265,0,280,47.04773869,14599.59416,0,277.2914353,46.59262496,16,16,0,20,FUELGSCON,WP Fuel Gas Consumed,090 Fuels,FUEL GAS,GAS,0,FUEL,GAS,N,FUEL TO MAIN PL,RS11,FUEL GAS,,FUEL GAS,0,0,0,0,,0,0,0,N,Y
07-11-2020 0:00,07-11-2020 23:59,Flow_74,gcm_38FI622,S,S12,IS,25841.47888,0,588.5534891,80.06626733,23851.09604,0,543.7491425,73.97112584,16,16,0,16.6623182,FUELGSCON,WP Fuel Gas Consumed,090 Fuels,FUEL GAS,GAS,0,FUEL,GAS,N,FUEL TO MAIN P2,S12,FUEL GAS,,FUEL GAS,0,0,0,0,,0,0,0,N,Y
07-11-2020 0:00,07-11-2020 23:59,Flow_55,gcm_38FX448B,R,RS4,IS,354171.738,0,7071.456971,1188.200213,430428.3866,0,8602.359241,1445.434106,18,18,0,19.0067997,PURNATGS,WP NG Purchased for fuel,090 Fuels,FUEL GAS,GAS,0,FUEL,GAS,N,RS4,NO12,,West_Plt,West_Plt,0,0,0,0,,0,0,0,N,Y
07-11-2020 0:00,07-11-2020 23:59,Flow_57,gcm_38FX449B,R,RS5,IS,325534.3244,0,6499.677192,1092.125408,391858.2198,0,7831.51224,1315.910505,18,18,0,19.0067997,PURNATGS,WP NG Purchased for fuel,090 Fuels,FUEL GAS,GAS,0,FUEL,GAS,N,RS5,NO13,,West_Plt,West_Plt,0,0,0,0,,0,0,0,N,Y
07-11-2020 0:00,07-11-2020 23:59,Flow_68,gcm_38FI620,R,RS13,IS,124197.1965,0,2479.743686,416.6654749,168662.0939,0,3370.809099,566.3890916,18,18,0,19.0067997,PURNATGS,WP NG Purchased for fuel,090 Fuels,FUEL GAS,GAS,0,FUEL,GAS,N,RS13,FUEL TO MAIN PL,,FUEL GAS,FUEL GAS,0,0,0,0,,0,0,0,N,Y
07-11-2020 0:00,07-11-2020 23:59,Flow_55_H2,Pseudo_H2Plt_1,R,RS4,IS,146336.9198,0,2921.789404,490.9413729,149591.5207,0,2989.672708,502.347644,18,0,0,19.0067997,PURNATGS_H2,WP NG Purchased as H2 Plant Feed,090 Fuels,FUEL GAS,GAS,0,FUEL,GAS,N,RS4,NO12,,West_Plt,West_Plt,0,0,0,0,,0,0,0,N,Y
07-11-2020 0:00,07-11-2020 23:59,Flow_57_H2,Pseudo_H2Plt_2,R,RS5,IS,146336.9198,0,2921.789404,490.9413729,149687.5329,0,2991.591567,502.6700654,18,0,0,19.0067997,PURNATGS_H2,WP NG Purchased as H2 Plant Feed,090 Fuels,FUEL GAS,GAS,0,FUEL,GAS,N,RS5,NO13,,West_Plt,West_Plt,0,0,0,0,,0,0,0,N,Y
07-11-2020 0:00,07-11-2020 23:59,F_SRU3CO2,gcm_SRU3CO2,S,S9,OS,0,0,0,0,0,0,0,0,44.01,44.01,0,44.01,E_SRUCO2,EP CO2 from SRU1,160 Misc.Product,OTHER PROD,GAS,0,GAS,GAS,N,No3 SRU,S9,East_Plt,,East_Plt,0,0,0,0,,0,0,0,N,Y
07-11-2020 0:00,07-11-2020 23:59,F_SRU3H2O,m_SRU3H2O,S,S9,IS,729.3081886,2.082781262,0,0,733.9605122,2.096067413,0,,10,0,10,0,E_SRUH2O,EP H2O from SRU1,160 Misc.Product,OTHER PROD,WAT,0,END,LIQUID,N,No3 SRU,S9,East_Plt,,East_Plt,0,0,0,0,,0,0,0,N,Y
07-11-2020 0:00,07-11-2020 23:59,F_SRU3N2,gcm_SRU3N2,S,S9,OS,0,0,0,0,0,0,0,0,28.01,28.01,0,28.01,E_SRUN2,EP N2 from SRU1,160 Misc.Product,OTHER PROD,GAS,0,GAS,GAS,N,No3 SRU,S9,East_Plt,,East_Plt,0,0,0,0,,0,0,0,N,Y
07-11-2020 0:00,07-11-2020 23:59,F_SRU3OXY,gcm_SRU3OXY,R,R4,IS,770.4331467,0,9.136691882,1.924042684,765.2413503,0,9.083937109,1.912933364,32,32,0,32,E_SRUOXY,EP O2 to SRU1,160 Misc.Product,OTHER PROD,GAS,0,FUEL,GAS,N,R4,No3 SRU,,East_Plt,East_Plt,0,0,0,0,,0,0,0,N,Y
07-11-2020 0:00,07-11-2020 23:59,10TK86,,T,,IS,0,0,0,0,0,0,0,0,50,0,61,0,E_TRANSMIX,EP Transmix,160 Misc.Product,OTHER PROD,SLP,0,CRU,LIQUID,N,,,East_Plt,East_Plt,East_Plt,0,0,0,0,IS,61,0,0,N,Y
06-11-2020 0:00,06-11-2020 23:59,10TK86,,T,,IS,0,0,0,0,0,0,0,0,50,0,61,0,E_TRANSMIX,EP Transmix,160 Misc.Product,OTHER PROD,SLP,0,CRU,LIQUID,N,,,East_Plt,East_Plt,East_Plt,0,0,0,0,IS,61,0,0,Y,N
07-11-2020 0:00,07-11-2020 23:59,f_H2_steam_H2O,m_21FC132,R,RH2PLANT2,IS,889245.9603,2539.53658,0,0,897953.9944,2564.405135,0,,10,0,10,0,H2OH2_PLT,WP Water/Steam,160 Misc.Product,H2,WAT,0,END,LIQUID,N,RH2PLANT2,H2_UNIT,,West_Plt,West_Plt,0,0,0,0,,0,0,0,N,Y
07-11-2020 0:00,07-11-2020 23:59,Flow_16,gcm_21FI561,S,S_H2_PLT_FLARE,IS,41737.32734,0,7704.183649,321.7779091,60824.31994,0,11238.3078,469.3864206,4,4,0,2.055900097,H2PLANTH2,WP H2 Plant Hydrogen,160 Misc.Product,H2,GAS,0,GAS,GAS,N,NO6,S_H2_PLT_FLARE,West_Plt,,West_Plt,0,0,0,0,,0,0,0,N,Y
07-11-2020 0:00,07-11-2020 23:59,Flow_10,Pseudo_ME21,S,S_H2Plt_CO2,IS,1113255.533,0,9599.475225,3883.204802,1027956.116,2748.948251,8872.558552,3589.15057,44.01,0,0,44.01,H2PLT_CO2,WP H2 Plant CO2,160 Misc.Product,H2,GAS,0,GAS,GAS,N,H2_UNIT,S_H2Plt_CO2,West_Plt,,West_Plt,0,0,0,0,,0,0,0,N,Y
07-11-2020 0:00,07-11-2020 23:59,f_FlareBurn,ME16,S,S_Flare_Loss,OS,0,0,0,0,0,0,0,0,29.62000084,0,0,0,MISCLTEND,WP Misc. Light Ends,160 Misc.Product,LIGHT ENDS,GAS,0,GAS,GAS,N,FLARE,S_Flare_Loss,LOSS,,LOSS,0,0,0,0,,0,0,0,N,Y
07-11-2020 0:00,07-11-2020 23:59,f_SRU1CO2,gcm_SRU1CO2,S,S_N2SRU1FLARE,OS,0,0,0,0,0,0,0,0,44.01,44.01,0,44.01,SRUCO2,WP CO2 from SRU,160 Misc.Product,OTHER PROD,GAS,0,GAS,GAS,N,No1 SRU,S_N2SRU1FLARE,West_Plt,,West_Plt,0,0,0,0,,0,0,0,N,Y
07-11-2020 0:00,07-11-2020 23:59,f_SRU2CO2,gcm_SRU2CO2,S,S_N2SRU2FLARE,IS,7392.670573,0,63.74615343,25.78676056,7213.977096,0,62.26572631,25.18789431,44.01,44.01,0,44.01,SRUCO2,WP CO2 from SRU,160 Misc.Product,OTHER PROD,GAS,0,GAS,GAS,N,No2 SRU,S_N2SRU2FLARE,West_Plt,,West_Plt,0,0,0,0,,0,0,0,N,Y
07-11-2020 0:00,07-11-2020 23:59,f_SRU1H2O,m_SRU1H2O,S,S_N2SRU1FLARE,OS,0,0,0,0,0,0,0,0,10,0,10,0,SRUH2O,WP H2O from SRU,160 Misc.Product,OTHER PROD,WAT,0,END,LIQUID,N,No1 SRU,S_N2SRU1FLARE,West_Plt,,West_Plt,0,0,0,0,,0,0,0,N,Y
07-11-2020 0:00,07-11-2020 23:59,f_SRU2H2O,m_SRU2H2O,S,S_N2SRU2FLARE,IS,78437.5901,224.0045367,0,0,58320.99494,166.5549235,0,,10,0,10,0,SRUH2O,WP H2O from SRU,160 Misc.Product,OTHER PROD,WAT,0,END,LIQUID,N,No2 SRU,S_N2SRU2FLARE,West_Plt,,West_Plt,0,0,0,0,,0,0,0,N,Y
07-11-2020 0:00,07-11-2020 23:59,f_SRU1N2,gcm_SRU1N2,S,S_N2SRU1FLARE,OS,0,0,0,0,0,0,0,0,28.01,28.01,0,28.013,SRUN2,WP N2 from SRU,160 Misc.Product,OTHER PROD,GAS,0,GAS,GAS,N,No1 SRU,S_N2SRU1FLARE,West_Plt,,West_Plt,0,0,0,0,,0,0,0,N,Y
07-11-2020 0:00,07-11-2020 23:59,f_SRU2N2,gcm_SRU2N2,S,S_N2SRU2FLARE,OS,0,0,0,0,0,0,0,0,28.01,28.01,0,28.013,SRUN2,WP N2 from SRU,160 Misc.Product,OTHER PROD,GAS,0,GAS,GAS,N,No2 SRU,S_N2SRU2FLARE,West_Plt,,West_Plt,0,0,0,0,,0,0,0,N,Y
07-11-2020 0:00,07-11-2020 23:59,f_SRU2NH3,gcm_SRU2NH3,S,S_N2SRU2FLARE,IS,126.3182458,0,2.814765216,0.196255615,125.4834925,0,2.798880502,0.195148075,17.02,0,0,17.03052,SRUNH3,WP NH3 from SRU2,160 Misc.Product,OTHER PROD,GAS,0,END,GAS,N,No2 SRU,S_N2SRU2FLARE,West_Plt,,West_Plt,0,0,0,0,,0,0,0,N,Y
07-11-2020 0:00,07-11-2020 23:59,F_SRU3NH3,gcm_SRU3NH3,S,S9,OS,0,0,0,0,0,0,0,0,17.02,0,0,17.03052,SRUNH3,WP NH3 from SRU2,160 Misc.Product,OTHER PROD,GAS,0,END,GAS,N,No3 SRU,S9,East_Plt,,East_Plt,0,0,0,0,,0,0,0,N,Y
07-11-2020 0:00,07-11-2020 23:59,f_SRU1OXY,gcm_SRU1OXY,R,R_SRU1O2Burn,OS,0,0,0,0,0,0,0,0,32,32,0,32,SRUOXY,WP O2 to SRU,160 Misc.Product,OTHER PROD,GAS,0,FUEL,GAS,N,R_SRU1O2Burn,No1 SRU,,West_Plt,West_Plt,0,0,0,0,,0,0,0,N,Y
07-11-2020 0:00,07-11-2020 23:59,f_SRU2OXY,gcm_SRU2OXY,R,R_SRU2O2Burn,IS,64789.40793,0,768.3481169,161.8019511,78514.46042,0,932.0202318,196.2687077,32,32,0,32,SRUOXY,WP O2 to SRU,160 Misc.Product,OTHER PROD,GAS,0,FUEL,GAS,N,R_SRU2O2Burn,No2 SRU,,West_Plt,West_Plt,0,0,0,0,,0,0,0,N,Y
