site,tag,alias,datetime,value,avgvalue,strvalue,quality
srphd,03TK072.VOLN,Tank 072 Volume,2021-04-13T00:00:00.000Z,7090.466309,7564.336525,"""""",0
srphd,03TK073.VOLN,Tank 073 Volume,2021-04-13T00:00:00.000Z,12796.42871,8525.31157,"""""",0
srphd,03TK074.VOLN,Tank 074 Volume,2021-04-13T00:00:00.000Z,5328.788086,5312.41127,"""""",0
srphd,03TK075.VOLN,Tank 075 Volume,2021-04-13T00:00:00.000Z,11615.86621,12162.17453,"""""",0
srphd,03TK076.VOLN,Tank 076 Volume,2021-04-13T00:00:00.000Z,7046.618164,7045.242079,"""""",0
srphd,03TK078.VOLN,Tank 078 Volume,2021-04-13T00:00:00.000Z,11925.12402,12052.65648,"""""",0
srphd,03TK079.VOLN,Tank 079 Volume,2021-04-13T00:00:00.000Z,12374.40332,12662.55523,"""""",0
srphd,03TK080.VOLN,Tank 080 Volume,2021-04-13T00:00:00.000Z,8454.72168,7966.027248,"""""",0
srphd,03TK072.VOLN,Tank 072 Volume,2021-04-13T00:00:00.000Z,6976.708496,6976.708496,"""""",0
srphd,03TK072.VOLN,Tank 072 Volume,2021-04-14T00:00:00.000Z,6906.446289,6009.742543,"""""",0
srphd,03TK073.VOLN,Tank 073 Volume,2021-04-13T00:00:00.000Z,14106.74707,14106.74707,"""""",0
srphd,03TK073.VOLN,Tank 073 Volume,2021-04-14T00:00:00.000Z,16348.9248,15826.6142,"""""",0
srphd,03TK074.VOLN,Tank 074 Volume,2021-04-13T00:00:00.000Z,5332.357422,5332.357422,"""""",0
srphd,03TK074.VOLN,Tank 074 Volume,2021-04-14T00:00:00.000Z,10240.47754,5756.406879,"""""",0
srphd,03TK075.VOLN,Tank 075 Volume,2021-04-13T00:00:00.000Z,11408.9873,11408.9873,"""""",0
srphd,03TK075.VOLN,Tank 075 Volume,2021-04-14T00:00:00.000Z,12557.05176,11800.79686,"""""",0
srphd,03TK076.VOLN,Tank 076 Volume,2021-04-13T00:00:00.000Z,7046.618164,7046.618164,"""""",0
srphd,03TK076.VOLN,Tank 076 Volume,2021-04-14T00:00:00.000Z,7048.401855,7047.631502,"""""",0
srphd,03TK078.VOLN,Tank 078 Volume,2021-04-13T00:00:00.000Z,11896.1543,11896.1543,"""""",0
srphd,03TK078.VOLN,Tank 078 Volume,2021-04-14T00:00:00.000Z,11501.6709,11616.28442,"""""",0
srphd,03TK079.VOLN,Tank 079 Volume,2021-04-13T00:00:00.000Z,12297.27734,12297.27734,"""""",0
srphd,03TK079.VOLN,Tank 079 Volume,2021-04-14T00:00:00.000Z,9819.259766,11119.85458,"""""",0
srphd,03TK080.VOLN,Tank 080 Volume,2021-04-13T00:00:00.000Z,8569.52832,8569.52832,"""""",0
srphd,03TK080.VOLN,Tank 080 Volume,2021-04-14T00:00:00.000Z,8428.048828,9460.485462,"""""",0
srphd,03TK072.VOLN,Tank 072 Volume,2021-04-14T00:00:00.000Z,6922.05957,6922.05957,"""""",0
srphd,03TK072.VOLN,Tank 072 Volume,2021-04-15T00:00:00.000Z,8818.03418,9265.293481,"""""",0
srphd,03TK073.VOLN,Tank 073 Volume,2021-04-14T00:00:00.000Z,16332.85742,16332.85742,"""""",0
srphd,03TK073.VOLN,Tank 073 Volume,2021-04-15T00:00:00.000Z,11311.16406,12871.99141,"""""",0
srphd,03TK074.VOLN,Tank 074 Volume,2021-04-14T00:00:00.000Z,10336.96484,10336.96484,"""""",0
srphd,03TK074.VOLN,Tank 074 Volume,2021-04-15T00:00:00.000Z,10833.69434,10567.98837,"""""",0
srphd,03TK075.VOLN,Tank 075 Volume,2021-04-14T00:00:00.000Z,12557.05176,12557.05176,"""""",0
srphd,03TK075.VOLN,Tank 075 Volume,2021-04-15T00:00:00.000Z,12015.98242,12438.27196,"""""",0
srphd,03TK076.VOLN,Tank 076 Volume,2021-04-14T00:00:00.000Z,7048.401855,7048.401855,"""""",0
srphd,03TK076.VOLN,Tank 076 Volume,2021-04-15T00:00:00.000Z,7046.618164,7047.477116,"""""",0
srphd,03TK078.VOLN,Tank 078 Volume,2021-04-14T00:00:00.000Z,11501.6709,11501.6709,"""""",0
srphd,03TK078.VOLN,Tank 078 Volume,2021-04-15T00:00:00.000Z,10996.73535,11381.99475,"""""",0
srphd,03TK079.VOLN,Tank 079 Volume,2021-04-14T00:00:00.000Z,9810.932617,9810.932617,"""""",0
srphd,03TK079.VOLN,Tank 079 Volume,2021-04-15T00:00:00.000Z,19416.04688,10383.58108,"""""",0
srphd,03TK080.VOLN,Tank 080 Volume,2021-04-14T00:00:00.000Z,8409.494141,8409.494141,"""""",0
srphd,03TK080.VOLN,Tank 080 Volume,2021-04-15T00:00:00.000Z,6301.373535,5915.031138,"""""",0
srphd,03TK001.VOLN,Tank 001 Volume,2021-04-16T00:00:00.000Z,1291.190063,1291.190063,"""""",0
srphd,03TK002.VOLN,Tank 002 Volume,2021-04-16T00:00:00.000Z,0,0,"""""",0
srphd,03TK003.VOLN,Tank 003 Volume,2021-04-16T00:00:00.000Z,1008.470398,1007.357585,"""""",0
srphd,03TK004.VOLN,Tank 004 Volume,2021-04-16T00:00:00.000Z,4528.769531,4524.84468,"""""",0
srphd,03TK005.VOLN,Tank 005 Volume,2021-04-16T00:00:00.000Z,2273.311768,2274.669335,"""""",0
srphd,03TK006.VOLN,Tank 006 Volume,2021-04-16T00:00:00.000Z,3051.679932,3049.196647,"""""",0
srphd,03TK007.VOLN,Tank 007 Volume,2021-04-16T00:00:00.000Z,4039.682617,4039.682617,"""""",0
srphd,03TK008.VOLN,Tank 008 Volume,2021-04-16T00:00:00.000Z,1858.634277,1858.634277,"""""",0
srphd,03TK009.VOLN,Tank 009 Volume,2021-04-16T00:00:00.000Z,2289.397949,2292.515892,"""""",0
srphd,03TK010.VOLN,Tank 010 Volume,2021-04-16T00:00:00.000Z,1952.333984,1952.333984,"""""",0
srphd,03TK011.VOLN,Tank 011 Volume,2021-04-15T00:00:00.000Z,3043.314453,3043.314453,"""""",0
srphd,03TK011.VOLN,Tank 011 Volume,2021-04-16T00:00:00.000Z,3381.946777,3477.671289,"""""",0
srphd,03TK012.VOLN,Tank 012 Volume,2021-04-15T00:00:00.000Z,10964.69141,10964.69141,"""""",0
srphd,03TK012.VOLN,Tank 012 Volume,2021-04-16T00:00:00.000Z,10586.27246,10893.91667,"""""",0
srphd,03TK013.VOLN,Tank 013 Volume,2021-04-16T00:00:00.000Z,18696.17188,18696.17188,"""""",0
srphd,03TK014.VOLN,Tank 014 Volume,2021-04-16T00:00:00.000Z,5779.486816,5679.221918,"""""",0
srphd,03TK015.VOLN,Tank 015 Volume,2021-04-16T00:00:00.000Z,3429.948975,3430.012672,"""""",0
srphd,03TK016.VOLN,Tank 016 Volume,2021-04-16T00:00:00.000Z,1761.711914,1760.909208,"""""",0
srphd,03TK017.VOLN,Tank 017 Volume,2021-04-16T00:00:00.000Z,2779.74707,2787.510487,"""""",0
srphd,03TK018.VOLN,Tank 018 Volume,2021-04-16T00:00:00.000Z,1071.314331,1071.314331,"""""",0
srphd,03TK019.VOLN,Tank 019 Volume,2021-04-16T00:00:00.000Z,1270.745728,1270.745728,"""""",0
srphd,03TK020.VOLN,Tank 020 Volume,2021-04-16T00:00:00.000Z,2483.072021,2482.248825,"""""",0
srphd,03TK021.VOLN,Tank 021 Volume,2021-04-16T00:00:00.000Z,11916.7207,11916.7207,"""""",0
srphd,03TK022.VOLN,Tank 022 Volume,2021-04-16T00:00:00.000Z,2626.033691,2626.033691,"""""",0
srphd,03TK023.VOLN,Tank 023 Volume,2021-04-16T00:00:00.000Z,7303.450684,7303.450684,"""""",0
srphd,03TK025.VOLN,Tank 025 Volume,2021-04-16T00:00:00.000Z,459.8988953,458.1521628,"""""",0
srphd,03TK027.VOLN,Tank 027 Volume,2021-04-16T00:00:00.000Z,945.4212646,945.4212646,"""""",0
srphd,03TK028.VOLN,Tank 028 Volume,2021-04-16T00:00:00.000Z,1041.323853,1042.139907,"""""",0
srphd,03TK029.VOLN,Tank 029 Volume,2021-04-16T00:00:00.000Z,945.4197998,945.4197998,"""""",0
srphd,03TK031.VOLN,Tank 031 Volume,2021-04-16T00:00:00.000Z,88.01270294,86.96896256,"""""",0
srphd,03TK032.VOLN,Tank 032 Volume,2021-04-16T00:00:00.000Z,186.5009766,187.7521721,"""""",0
srphd,03TK033.VOLN,Tank 033 Volume,2021-04-16T00:00:00.000Z,10117.25391,10118.03173,"""""",0
srphd,03TK034.VOLN,Tank 034 Volume,2021-04-16T00:00:00.000Z,2130.793945,2130.793945,"""""",0
srphd,03TK038.VOLN,Tank 038 Volume,2021-04-16T00:00:00.000Z,1929.958496,1929.958496,"""""",0
srphd,03TK039.VOLN,Tank 039 Volume,2021-04-16T00:00:00.000Z,-5951.353516,-5951.353516,"""""",0
srphd,03TK040.VOLN,Tank 040 Volume,2021-04-16T00:00:00.000Z,823.8811646,823.2309088,"""""",0
srphd,03TK041.VOLN,Tank 041 Volume,2021-04-16T00:00:00.000Z,11195.2168,11195.2168,"""""",0
srphd,03TK042.VOLN,Tank 042 Volume,2021-04-16T00:00:00.000Z,5629.938477,5634.666175,"""""",0
srphd,03TK043.VOLN,Tank 043 Volume,2021-04-16T00:00:00.000Z,1677.131836,1670.942562,"""""",0
srphd,03TK044.VOLN,Tank 044 Volume,2021-04-16T00:00:00.000Z,7295.265625,7305.106706,"""""",0
srphd,03TK049.VOLN,Tank 049 Volume,2021-04-16T00:00:00.000Z,6658.865234,6649.034816,"""""",0
srphd,03TK050.VOLN,Tank 050 Volume,2021-04-16T00:00:00.000Z,11634.13281,11634.13281,"""""",0
srphd,03TK051.VOLN,Tank 051 Volume,2021-04-16T00:00:00.000Z,5279.108398,5177.85498,"""""",0
srphd,03TK054.VOLN,Tank 054 Volume,2021-04-16T00:00:00.000Z,232.7422638,232.7422638,"""""",0
srphd,03TK055.VOLN,Tank 055 Volume,2021-04-16T00:00:00.000Z,2423.125977,2423.845828,"""""",0
srphd,03TK058.VOLN,Tank 058 Volume,2021-04-16T00:00:00.000Z,2144.017822,2277.295194,"""""",0
srphd,03TK070.VOLN,Tank 070 Volume,2021-04-16T00:00:00.000Z,13693.47461,13695.28881,"""""",0
srphd,03TK071.VOLN,Tank 071 Volume,2021-04-16T00:00:00.000Z,7501.581543,7502.062012,"""""",0
srphd,03TK072.VOLN,Tank 072 Volume,2021-04-15T00:00:00.000Z,8801.304688,8801.304688,"""""",0
srphd,03TK072.VOLN,Tank 072 Volume,2021-04-16T00:00:00.000Z,5002.494629,6900.78959,"""""",0
srphd,03TK073.VOLN,Tank 073 Volume,2021-04-15T00:00:00.000Z,11305.80859,11305.80859,"""""",0
srphd,03TK073.VOLN,Tank 073 Volume,2021-04-16T00:00:00.000Z,15468.83496,11385.78176,"""""",0
srphd,03TK074.VOLN,Tank 074 Volume,2021-04-15T00:00:00.000Z,10833.69434,10833.69434,"""""",0
srphd,03TK074.VOLN,Tank 074 Volume,2021-04-16T00:00:00.000Z,13256.41211,13089.27522,"""""",0
srphd,03TK075.VOLN,Tank 075 Volume,2021-04-15T00:00:00.000Z,11986.42871,11986.42871,"""""",0
srphd,03TK075.VOLN,Tank 075 Volume,2021-04-16T00:00:00.000Z,10222.27539,11679.69278,"""""",0
srphd,03TK076.VOLN,Tank 076 Volume,2021-04-15T00:00:00.000Z,7046.618164,7046.618164,"""""",0
srphd,03TK076.VOLN,Tank 076 Volume,2021-04-16T00:00:00.000Z,7044.834473,7045.570039,"""""",0
srphd,03TK078.VOLN,Tank 078 Volume,2021-04-15T00:00:00.000Z,10994.66406,10994.66406,"""""",0
srphd,03TK078.VOLN,Tank 078 Volume,2021-04-16T00:00:00.000Z,10611.03906,10831.83934,"""""",0
srphd,03TK079.VOLN,Tank 079 Volume,2021-04-15T00:00:00.000Z,19683.41016,19683.41016,"""""",0
srphd,03TK079.VOLN,Tank 079 Volume,2021-04-16T00:00:00.000Z,19232.23438,19037.82592,"""""",0
srphd,03TK080.VOLN,Tank 080 Volume,2021-04-15T00:00:00.000Z,6319.924316,6319.924316,"""""",0
srphd,03TK080.VOLN,Tank 080 Volume,2021-04-16T00:00:00.000Z,10069.79199,8189.979714,"""""",0
srphd,03TK082.VOLN,Tank 082 Volume,2021-04-16T00:00:00.000Z,1218.729248,1218.729248,"""""",0
srphd,03TK086.VOLN,Tank 086 Volume,2021-04-16T00:00:00.000Z,20858.26563,20858.26563,"""""",0
srphd,03TK127.VOLN,Tank 127 Volume,2021-04-16T00:00:00.000Z,63.18785477,63.18785477,"""""",0
srphd,03TK128.VOLN,Tank 128 Volume,2021-04-16T00:00:00.000Z,167.2110291,167.2110291,"""""",0
srphd,03TK129.VOLN,Tank 129 Volume,2021-04-16T00:00:00.000Z,232.2202606,231.868279,"""""",0
srphd,03TK130.VOLN,Tank 130 Volume,2021-04-16T00:00:00.000Z,490.8644104,488.5423328,"""""",0
srphd,03TK131.VOLN,Tank 131 Volume,2021-04-16T00:00:00.000Z,534.7901611,534.7901611,"""""",0
srphd,YT.03TKVOLMAN2.CV,Tank Volume manual entry,2021-04-16T00:00:00.000Z,45,45,"""""",0
srphd,YT.08WL003.VOLN,08 Well 003 Volume Month End Adjusted,2021-04-16T00:00:00.000Z,4038.0896,4037.350979,"""""",0
srphd,YT.08WL004.VOLN,08 Well 004 Volume Month End Adjusted,2021-04-16T00:00:00.000Z,1012.890015,1012.890015,"""""",0
srphd,YT.08WL005.VOLN,08 Well 005 Volume Month End Adjusted,2021-04-16T00:00:00.000Z,2880.238281,2773.316287,"""""",0
srphd,YT.08WL007.VOLN,08 Well 007 Volume Month End Adjusted,2021-04-16T00:00:00.000Z,5116.074219,4856.993036,"""""",0
srphd,YT.08WL008.VOLN,08 Well 008 Volume Month End Adjusted,2021-04-16T00:00:00.000Z,851.3699951,851.3699951,"""""",0
srphd,YT.08WL009.VOLN,08 Well 009 Volume Month End Adjusted,2021-04-16T00:00:00.000Z,6732.890137,6732.890137,"""""",0
srphd,YT.08WL010.VOLN,08 Well 010 Volume Month End Adjusted,2021-04-16T00:00:00.000Z,4789.496582,4693.905284,"""""",0
srphd,YT.08WL013.VOLN,08 Well 013 Volume Month End Adjusted,2021-04-16T00:00:00.000Z,1314.407104,1352.336233,"""""",0
srphd,YT.08WL014.VOLN,08 Well 014 Volume Month End Adjusted,2021-04-16T00:00:00.000Z,1825.120605,1839.478352,"""""",0
srphd,03TK001.VOLN,Tank 001 Volume,2021-04-16T00:00:00.000Z,1291.190063,1291.190063,"""""",0
srphd,03TK001.VOLN,Tank 001 Volume,2021-04-17T00:00:00.000Z,1289.46521,1290.218275,"""""",0
srphd,03TK002.VOLN,Tank 002 Volume,2021-04-16T00:00:00.000Z,0,0,"""""",0
srphd,03TK002.VOLN,Tank 002 Volume,2021-04-17T00:00:00.000Z,0,0,"""""",0
srphd,03TK003.VOLN,Tank 003 Volume,2021-04-16T00:00:00.000Z,1008.470398,1008.470398,"""""",0
srphd,03TK003.VOLN,Tank 003 Volume,2021-04-17T00:00:00.000Z,1060.080322,1034.257014,"""""",0
srphd,03TK004.VOLN,Tank 004 Volume,2021-04-16T00:00:00.000Z,4528.769531,4528.769531,"""""",0
srphd,03TK004.VOLN,Tank 004 Volume,2021-04-17T00:00:00.000Z,4527.057617,4526.675703,"""""",0
srphd,03TK005.VOLN,Tank 005 Volume,2021-04-16T00:00:00.000Z,2271.030762,2271.030762,"""""",0
srphd,03TK005.VOLN,Tank 005 Volume,2021-04-17T00:00:00.000Z,2097.118896,2183.643249,"""""",0
srphd,03TK006.VOLN,Tank 006 Volume,2021-04-16T00:00:00.000Z,3052.248047,3052.248047,"""""",0
srphd,03TK006.VOLN,Tank 006 Volume,2021-04-17T00:00:00.000Z,3193.103516,3122.683746,"""""",0
srphd,03TK007.VOLN,Tank 007 Volume,2021-04-16T00:00:00.000Z,4039.682617,4039.682617,"""""",0
srphd,03TK007.VOLN,Tank 007 Volume,2021-04-17T00:00:00.000Z,4041.955566,4042.087006,"""""",0
srphd,03TK008.VOLN,Tank 008 Volume,2021-04-16T00:00:00.000Z,1858.634277,1858.634277,"""""",0
srphd,03TK008.VOLN,Tank 008 Volume,2021-04-17T00:00:00.000Z,1855.790527,1857.278919,"""""",0
srphd,03TK009.VOLN,Tank 009 Volume,2021-04-16T00:00:00.000Z,2288.82959,2288.82959,"""""",0
srphd,03TK009.VOLN,Tank 009 Volume,2021-04-17T00:00:00.000Z,2116.253662,2203.438562,"""""",0
srphd,03TK010.VOLN,Tank 010 Volume,2021-04-16T00:00:00.000Z,1951.764893,1951.764893,"""""",0
srphd,03TK010.VOLN,Tank 010 Volume,2021-04-17T00:00:00.000Z,1950.626343,1951.031368,"""""",0
srphd,03TK011.VOLN,Tank 011 Volume,2021-04-16T00:00:00.000Z,3378.633545,3378.633545,"""""",0
srphd,03TK011.VOLN,Tank 011 Volume,2021-04-17T00:00:00.000Z,2574.162842,2973.335167,"""""",0
srphd,03TK012.VOLN,Tank 012 Volume,2021-04-16T00:00:00.000Z,10583.99414,10583.99414,"""""",0
srphd,03TK012.VOLN,Tank 012 Volume,2021-04-17T00:00:00.000Z,9997.099609,10284.87047,"""""",0
srphd,03TK013.VOLN,Tank 013 Volume,2021-04-16T00:00:00.000Z,18696.17188,18696.17188,"""""",0
srphd,03TK013.VOLN,Tank 013 Volume,2021-04-17T00:00:00.000Z,18689.30664,18690.74956,"""""",0
srphd,03TK014.VOLN,Tank 014 Volume,2021-04-16T00:00:00.000Z,5806.688477,5806.688477,"""""",0
srphd,03TK014.VOLN,Tank 014 Volume,2021-04-17T00:00:00.000Z,11932.22363,8872.452083,"""""",0
srphd,03TK015.VOLN,Tank 015 Volume,2021-04-16T00:00:00.000Z,3429.948975,3429.948975,"""""",0
srphd,03TK015.VOLN,Tank 015 Volume,2021-04-17T00:00:00.000Z,3408.547363,3419.386457,"""""",0
srphd,03TK016.VOLN,Tank 016 Volume,2021-04-16T00:00:00.000Z,1760.803589,1760.803589,"""""",0
srphd,03TK016.VOLN,Tank 016 Volume,2021-04-17T00:00:00.000Z,1758.256348,1760.217962,"""""",0
srphd,03TK017.VOLN,Tank 017 Volume,2021-04-16T00:00:00.000Z,2776.926025,2776.926025,"""""",0
srphd,03TK017.VOLN,Tank 017 Volume,2021-04-17T00:00:00.000Z,2361.675537,2572.579991,"""""",0
srphd,03TK018.VOLN,Tank 018 Volume,2021-04-16T00:00:00.000Z,1071.314331,1071.314331,"""""",0
srphd,03TK018.VOLN,Tank 018 Volume,2021-04-17T00:00:00.000Z,1071.466919,1071.137189,"""""",0
srphd,03TK019.VOLN,Tank 019 Volume,2021-04-16T00:00:00.000Z,1270.745728,1270.745728,"""""",0
srphd,03TK019.VOLN,Tank 019 Volume,2021-04-17T00:00:00.000Z,1270.745728,1270.745728,"""""",0
srphd,03TK020.VOLN,Tank 020 Volume,2021-04-16T00:00:00.000Z,2483.072021,2483.072021,"""""",0
srphd,03TK020.VOLN,Tank 020 Volume,2021-04-17T00:00:00.000Z,2528.343262,2505.191487,"""""",0
srphd,03TK021.VOLN,Tank 021 Volume,2021-04-16T00:00:00.000Z,11916.7207,11916.7207,"""""",0
srphd,03TK021.VOLN,Tank 021 Volume,2021-04-17T00:00:00.000Z,11914.44629,11911.53685,"""""",0
srphd,03TK022.VOLN,Tank 022 Volume,2021-04-16T00:00:00.000Z,2626.033691,2626.033691,"""""",0
srphd,03TK022.VOLN,Tank 022 Volume,2021-04-17T00:00:00.000Z,2626.541504,2626.615914,"""""",0
srphd,03TK023.VOLN,Tank 023 Volume,2021-04-16T00:00:00.000Z,7303.450684,7303.450684,"""""",0
srphd,03TK023.VOLN,Tank 023 Volume,2021-04-17T00:00:00.000Z,4093.0896,4663.869319,"""""",0
srphd,03TK025.VOLN,Tank 025 Volume,2021-04-16T00:00:00.000Z,459.8988953,459.8988953,"""""",0
srphd,03TK025.VOLN,Tank 025 Volume,2021-04-17T00:00:00.000Z,505.9549866,480.256617,"""""",0
srphd,03TK027.VOLN,Tank 027 Volume,2021-04-16T00:00:00.000Z,945.4212646,945.4212646,"""""",0
srphd,03TK027.VOLN,Tank 027 Volume,2021-04-17T00:00:00.000Z,945.4212646,945.4212646,"""""",0
srphd,03TK028.VOLN,Tank 028 Volume,2021-04-16T00:00:00.000Z,1040.924927,1040.924927,"""""",0
srphd,03TK028.VOLN,Tank 028 Volume,2021-04-17T00:00:00.000Z,971.5362549,1005.922339,"""""",0
srphd,03TK029.VOLN,Tank 029 Volume,2021-04-16T00:00:00.000Z,945.4197998,945.4197998,"""""",0
srphd,03TK029.VOLN,Tank 029 Volume,2021-04-17T00:00:00.000Z,944.3959351,944.8623266,"""""",0
srphd,03TK031.VOLN,Tank 031 Volume,2021-04-16T00:00:00.000Z,88.30146027,88.30146027,"""""",0
srphd,03TK031.VOLN,Tank 031 Volume,2021-04-17T00:00:00.000Z,153.4004364,121.031092,"""""",0
srphd,03TK032.VOLN,Tank 032 Volume,2021-04-16T00:00:00.000Z,186.2094727,186.2094727,"""""",0
srphd,03TK032.VOLN,Tank 032 Volume,2021-04-17T00:00:00.000Z,113.8212433,150.0279915,"""""",0
srphd,03TK033.VOLN,Tank 033 Volume,2021-04-16T00:00:00.000Z,10117.25391,10117.25391,"""""",0
srphd,03TK033.VOLN,Tank 033 Volume,2021-04-17T00:00:00.000Z,3732.708008,8072.418629,"""""",0
srphd,03TK034.VOLN,Tank 034 Volume,2021-04-16T00:00:00.000Z,2130.793945,2130.793945,"""""",0
srphd,03TK034.VOLN,Tank 034 Volume,2021-04-17T00:00:00.000Z,999.4758911,1408.200192,"""""",0
srphd,03TK038.VOLN,Tank 038 Volume,2021-04-16T00:00:00.000Z,1929.958496,1929.958496,"""""",0
srphd,03TK038.VOLN,Tank 038 Volume,2021-04-17T00:00:00.000Z,1928.157471,1928.977596,"""""",0
srphd,03TK039.VOLN,Tank 039 Volume,2021-04-16T00:00:00.000Z,-5951.353516,-5951.353516,"""""",0
srphd,03TK039.VOLN,Tank 039 Volume,2021-04-17T00:00:00.000Z,-5951.353516,-5951.353516,"""""",0
srphd,03TK040.VOLN,Tank 040 Volume,2021-04-16T00:00:00.000Z,823.8811646,823.8811646,"""""",0
srphd,03TK040.VOLN,Tank 040 Volume,2021-04-17T00:00:00.000Z,820.7437744,822.4180676,"""""",0
srphd,03TK041.VOLN,Tank 041 Volume,2021-04-16T00:00:00.000Z,11195.2168,11195.2168,"""""",0
srphd,03TK041.VOLN,Tank 041 Volume,2021-04-17T00:00:00.000Z,11192.40234,11193.35653,"""""",0
srphd,03TK042.VOLN,Tank 042 Volume,2021-04-16T00:00:00.000Z,5629.938477,5629.938477,"""""",0
srphd,03TK042.VOLN,Tank 042 Volume,2021-04-17T00:00:00.000Z,5629.241699,5627.83617,"""""",0
srphd,03TK043.VOLN,Tank 043 Volume,2021-04-16T00:00:00.000Z,1679.005859,1679.005859,"""""",0
srphd,03TK043.VOLN,Tank 043 Volume,2021-04-17T00:00:00.000Z,2044.030029,1861.345856,"""""",0
srphd,03TK044.VOLN,Tank 044 Volume,2021-04-16T00:00:00.000Z,7289.61084,7289.61084,"""""",0
srphd,03TK044.VOLN,Tank 044 Volume,2021-04-17T00:00:00.000Z,7205.434082,7207.982002,"""""",0
srphd,03TK049.VOLN,Tank 049 Volume,2021-04-16T00:00:00.000Z,6660.77002,6660.77002,"""""",0
srphd,03TK049.VOLN,Tank 049 Volume,2021-04-17T00:00:00.000Z,7264.878906,6968.371867,"""""",0
srphd,03TK050.VOLN,Tank 050 Volume,2021-04-16T00:00:00.000Z,11634.13281,11634.13281,"""""",0
srphd,03TK050.VOLN,Tank 050 Volume,2021-04-17T00:00:00.000Z,11642.09375,11641.26128,"""""",0
srphd,03TK051.VOLN,Tank 051 Volume,2021-04-16T00:00:00.000Z,5305.462402,5305.462402,"""""",0
srphd,03TK051.VOLN,Tank 051 Volume,2021-04-17T00:00:00.000Z,5896.340332,5927.942143,"""""",0
srphd,03TK054.VOLN,Tank 054 Volume,2021-04-16T00:00:00.000Z,232.7422638,232.7422638,"""""",0
srphd,03TK054.VOLN,Tank 054 Volume,2021-04-17T00:00:00.000Z,224.5906372,231.9299845,"""""",0
srphd,03TK055.VOLN,Tank 055 Volume,2021-04-16T00:00:00.000Z,2423.125977,2423.125977,"""""",0
srphd,03TK055.VOLN,Tank 055 Volume,2021-04-17T00:00:00.000Z,2418.904785,2422.014234,"""""",0
srphd,03TK058.VOLN,Tank 058 Volume,2021-04-16T00:00:00.000Z,2110.609375,2110.609375,"""""",0
srphd,03TK058.VOLN,Tank 058 Volume,2021-04-17T00:00:00.000Z,6548.669434,3288.325722,"""""",0
srphd,03TK070.VOLN,Tank 070 Volume,2021-04-16T00:00:00.000Z,13690.16406,13690.16406,"""""",0
srphd,03TK070.VOLN,Tank 070 Volume,2021-04-17T00:00:00.000Z,13438.45898,13562.62163,"""""",0
srphd,03TK071.VOLN,Tank 071 Volume,2021-04-16T00:00:00.000Z,7499.899902,7499.899902,"""""",0
srphd,03TK071.VOLN,Tank 071 Volume,2021-04-17T00:00:00.000Z,7434.168457,7464.073064,"""""",0
srphd,03TK072.VOLN,Tank 072 Volume,2021-04-16T00:00:00.000Z,4990.246582,4990.246582,"""""",0
srphd,03TK072.VOLN,Tank 072 Volume,2021-04-17T00:00:00.000Z,8838.253906,6022.063826,"""""",0
srphd,03TK073.VOLN,Tank 073 Volume,2021-04-16T00:00:00.000Z,15465.2627,15465.2627,"""""",0
srphd,03TK073.VOLN,Tank 073 Volume,2021-04-17T00:00:00.000Z,12941.02734,15101.46261,"""""",0
srphd,03TK074.VOLN,Tank 074 Volume,2021-04-16T00:00:00.000Z,13256.41211,13256.41211,"""""",0
srphd,03TK074.VOLN,Tank 074 Volume,2021-04-17T00:00:00.000Z,14263.31543,14141.40073,"""""",0
srphd,03TK075.VOLN,Tank 075 Volume,2021-04-16T00:00:00.000Z,10204.08789,10204.08789,"""""",0
srphd,03TK075.VOLN,Tank 075 Volume,2021-04-17T00:00:00.000Z,22026.3457,14341.51602,"""""",0
srphd,03TK076.VOLN,Tank 076 Volume,2021-04-16T00:00:00.000Z,7044.834473,7044.834473,"""""",0
srphd,03TK076.VOLN,Tank 076 Volume,2021-04-17T00:00:00.000Z,13423.57324,7754.505504,"""""",0
srphd,03TK078.VOLN,Tank 078 Volume,2021-04-16T00:00:00.000Z,10608.96777,10608.96777,"""""",0
srphd,03TK078.VOLN,Tank 078 Volume,2021-04-17T00:00:00.000Z,10629.69043,10577.07957,"""""",0
srphd,03TK079.VOLN,Tank 079 Volume,2021-04-16T00:00:00.000Z,19234.32227,19234.32227,"""""",0
srphd,03TK079.VOLN,Tank 079 Volume,2021-04-17T00:00:00.000Z,17329.35156,18265.67232,"""""",0
srphd,03TK080.VOLN,Tank 080 Volume,2021-04-16T00:00:00.000Z,10079.08594,10079.08594,"""""",0
srphd,03TK080.VOLN,Tank 080 Volume,2021-04-17T00:00:00.000Z,6670.447266,9206.930934,"""""",0
srphd,03TK082.VOLN,Tank 082 Volume,2021-04-16T00:00:00.000Z,1218.729248,1218.729248,"""""",0
srphd,03TK082.VOLN,Tank 082 Volume,2021-04-17T00:00:00.000Z,6594.92041,3619.47073,"""""",0
srphd,03TK086.VOLN,Tank 086 Volume,2021-04-16T00:00:00.000Z,20858.26563,20858.26563,"""""",0
srphd,03TK086.VOLN,Tank 086 Volume,2021-04-17T00:00:00.000Z,20854.9375,20861.95271,"""""",0
srphd,03TK127.VOLN,Tank 127 Volume,2021-04-16T00:00:00.000Z,63.18785477,63.18785477,"""""",0
srphd,03TK127.VOLN,Tank 127 Volume,2021-04-17T00:00:00.000Z,63.18785477,63.18785477,"""""",0
srphd,03TK128.VOLN,Tank 128 Volume,2021-04-16T00:00:00.000Z,167.2110291,167.2110291,"""""",0
srphd,03TK128.VOLN,Tank 128 Volume,2021-04-17T00:00:00.000Z,167.2604218,167.2187227,"""""",0
srphd,03TK129.VOLN,Tank 129 Volume,2021-04-16T00:00:00.000Z,232.2666779,232.2666779,"""""",0
srphd,03TK129.VOLN,Tank 129 Volume,2021-04-17T00:00:00.000Z,252.4625702,242.574119,"""""",0
srphd,03TK130.VOLN,Tank 130 Volume,2021-04-16T00:00:00.000Z,491.5341187,491.5341187,"""""",0
srphd,03TK130.VOLN,Tank 130 Volume,2021-04-17T00:00:00.000Z,614.5393677,552.8658641,"""""",0
srphd,03TK131.VOLN,Tank 131 Volume,2021-04-16T00:00:00.000Z,534.7901611,534.7901611,"""""",0
srphd,03TK131.VOLN,Tank 131 Volume,2021-04-17T00:00:00.000Z,533.9903564,534.3499974,"""""",0
srphd,YT.03TKVOLMAN2.CV,Tank Volume manual entry,2021-04-17T00:00:00.000Z,45,45,"""""",0
srphd,YT.08WL003.VOLN,08 Well 003 Volume Month End Adjusted,2021-04-17T00:00:00.000Z,3589.55249,3813.225743,"""""",0
srphd,YT.08WL004.VOLN,08 Well 004 Volume Month End Adjusted,2021-04-17T00:00:00.000Z,1012.890015,1012.890015,"""""",0
srphd,YT.08WL005.VOLN,08 Well 005 Volume Month End Adjusted,2021-04-17T00:00:00.000Z,2933.432373,2906.669279,"""""",0
srphd,YT.08WL007.VOLN,08 Well 007 Volume Month End Adjusted,2021-04-17T00:00:00.000Z,5330.470215,5272.314341,"""""",0
srphd,YT.08WL008.VOLN,08 Well 008 Volume Month End Adjusted,2021-04-17T00:00:00.000Z,851.3699951,851.3699951,"""""",0
srphd,YT.08WL009.VOLN,08 Well 009 Volume Month End Adjusted,2021-04-17T00:00:00.000Z,6732.890137,6732.890137,"""""",0
srphd,YT.08WL010.VOLN,08 Well 010 Volume Month End Adjusted,2021-04-17T00:00:00.000Z,4935.799316,4862.775037,"""""",0
srphd,YT.08WL013.VOLN,08 Well 013 Volume Month End Adjusted,2021-04-17T00:00:00.000Z,1259.131714,1286.62712,"""""",0
srphd,YT.08WL014.VOLN,08 Well 014 Volume Month End Adjusted,2021-04-17T00:00:00.000Z,1863.565186,1911.807958,"""""",0
srphd,YT.03TKVOLMAN2.CV,Tank Volume manual entry,2021-04-19T01:00:00.000Z,45,45,"""""",0
srphd,YT.03TKVOLMAN2.CV,Tank Volume manual entry,2021-04-19T02:00:00.000Z,45,45,"""""",0
srphd,YT.03TKVOLMAN2.CV,Tank Volume manual entry,2021-04-19T03:00:00.000Z,45,45,"""""",0
srphd,YT.03TKVOLMAN2.CV,Tank Volume manual entry,2021-04-19T04:00:00.000Z,45,45,"""""",0
srphd,YT.03TKVOLMAN2.CV,Tank Volume manual entry,2021-04-19T05:00:00.000Z,45,45,"""""",0
srphd,YT.03TKVOLMAN2.CV,Tank Volume manual entry,2021-04-19T06:00:00.000Z,45,45,"""""",0
srphd,YT.03TKVOLMAN2.CV,Tank Volume manual entry,2021-04-19T07:00:00.000Z,45,45,"""""",0
srphd,YT.03TKVOLMAN2.CV,Tank Volume manual entry,2021-04-19T08:00:00.000Z,45,45,"""""",0
srphd,YT.03TKVOLMAN2.CV,Tank Volume manual entry,2021-04-19T09:00:00.000Z,45,45,"""""",0
srphd,YT.03TKVOLMAN2.CV,Tank Volume manual entry,2021-04-19T10:00:00.000Z,45,45,"""""",0
srphd,YT.03TKVOLMAN2.CV,Tank Volume manual entry,2021-04-19T11:00:00.000Z,45,45,"""""",0
srphd,YT.03TKVOLMAN2.CV,Tank Volume manual entry,2021-04-19T12:00:00.000Z,45,45,"""""",0
srphd,YT.03TKVOLMAN2.CV,Tank Volume manual entry,2021-04-19T13:00:00.000Z,45,45,"""""",0
srphd,YT.03TKVOLMAN2.CV,Tank Volume manual entry,2021-04-19T14:00:00.000Z,45,45,"""""",0
srphd,YT.03TKVOLMAN2.CV,Tank Volume manual entry,2021-04-19T15:00:00.000Z,45,45,"""""",0
srphd,YT.03TKVOLMAN2.CV,Tank Volume manual entry,2021-04-19T16:00:00.000Z,45,45,"""""",0
srphd,YT.03TKVOLMAN2.CV,Tank Volume manual entry,2021-04-19T17:00:00.000Z,45,45,"""""",0
srphd,YT.03TKVOLMAN2.CV,Tank Volume manual entry,2021-04-19T18:00:00.000Z,45,45,"""""",0
srphd,YT.08WL003.VOLN,08 Well 003 Volume Month End Adjusted,2021-04-19T01:00:00.000Z,4103.555176,4073.035248,"""""",0
srphd,YT.08WL003.VOLN,08 Well 003 Volume Month End Adjusted,2021-04-19T02:00:00.000Z,4166.098145,4135.218384,"""""",0
srphd,YT.08WL003.VOLN,08 Well 003 Volume Month End Adjusted,2021-04-19T03:00:00.000Z,4228.542969,4197.938151,"""""",0
srphd,YT.08WL003.VOLN,08 Well 003 Volume Month End Adjusted,2021-04-19T04:00:00.000Z,4290.684082,4260.133781,"""""",0
srphd,YT.08WL003.VOLN,08 Well 003 Volume Month End Adjusted,2021-04-19T05:00:00.000Z,4352.729492,4322.232068,"""""",0
srphd,YT.08WL003.VOLN,08 Well 003 Volume Month End Adjusted,2021-04-19T06:00:00.000Z,4414.802246,4384.272135,"""""",0
srphd,YT.08WL003.VOLN,08 Well 003 Volume Month End Adjusted,2021-04-19T07:00:00.000Z,4476.86084,4446.36984,"""""",0
srphd,YT.08WL003.VOLN,08 Well 003 Volume Month End Adjusted,2021-04-19T08:00:00.000Z,4539.04248,4508.041636,"""""",0
srphd,YT.08WL003.VOLN,08 Well 003 Volume Month End Adjusted,2021-04-19T09:00:00.000Z,4601.133301,4570.599772,"""""",0
srphd,YT.08WL003.VOLN,08 Well 003 Volume Month End Adjusted,2021-04-19T10:00:00.000Z,4663.244629,4632.702214,"""""",0
srphd,YT.08WL003.VOLN,08 Well 003 Volume Month End Adjusted,2021-04-19T11:00:00.000Z,4725.37207,4694.716718,"""""",0
srphd,YT.08WL003.VOLN,08 Well 003 Volume Month End Adjusted,2021-04-19T12:00:00.000Z,4787.632813,4756.96755,"""""",0
srphd,YT.08WL003.VOLN,08 Well 003 Volume Month End Adjusted,2021-04-19T13:00:00.000Z,4849.693848,4819.379589,"""""",0
srphd,YT.08WL003.VOLN,08 Well 003 Volume Month End Adjusted,2021-04-19T14:00:00.000Z,4837.554199,4843.795344,"""""",0
srphd,YT.08WL003.VOLN,08 Well 003 Volume Month End Adjusted,2021-04-19T15:00:00.000Z,4812.233398,4824.783403,"""""",0
srphd,YT.08WL003.VOLN,08 Well 003 Volume Month End Adjusted,2021-04-19T16:00:00.000Z,4786.708984,4799.252148,"""""",0
srphd,YT.08WL003.VOLN,08 Well 003 Volume Month End Adjusted,2021-04-19T17:00:00.000Z,4762.01709,4773.838774,"""""",0
srphd,YT.08WL003.VOLN,08 Well 003 Volume Month End Adjusted,2021-04-19T18:00:00.000Z,4760.876465,4761.333008,"""""",0
srphd,YT.08WL004.VOLN,08 Well 004 Volume Month End Adjusted,2021-04-19T01:00:00.000Z,1012.890015,1012.890015,"""""",0
srphd,YT.08WL004.VOLN,08 Well 004 Volume Month End Adjusted,2021-04-19T02:00:00.000Z,1012.890015,1012.890015,"""""",0
srphd,YT.08WL004.VOLN,08 Well 004 Volume Month End Adjusted,2021-04-19T03:00:00.000Z,1012.890015,1012.890015,"""""",0
srphd,YT.08WL004.VOLN,08 Well 004 Volume Month End Adjusted,2021-04-19T04:00:00.000Z,1012.890015,1012.890015,"""""",0
srphd,YT.08WL004.VOLN,08 Well 004 Volume Month End Adjusted,2021-04-19T05:00:00.000Z,1012.890015,1012.890015,"""""",0
srphd,YT.08WL004.VOLN,08 Well 004 Volume Month End Adjusted,2021-04-19T06:00:00.000Z,1012.890015,1012.890015,"""""",0
srphd,YT.08WL004.VOLN,08 Well 004 Volume Month End Adjusted,2021-04-19T07:00:00.000Z,1012.890015,1012.890015,"""""",0
srphd,YT.08WL004.VOLN,08 Well 004 Volume Month End Adjusted,2021-04-19T08:00:00.000Z,1012.890015,1012.890015,"""""",0
srphd,YT.08WL004.VOLN,08 Well 004 Volume Month End Adjusted,2021-04-19T09:00:00.000Z,1012.890015,1012.890015,"""""",0
srphd,YT.08WL004.VOLN,08 Well 004 Volume Month End Adjusted,2021-04-19T10:00:00.000Z,1012.890015,1012.890015,"""""",0
srphd,YT.08WL004.VOLN,08 Well 004 Volume Month End Adjusted,2021-04-19T11:00:00.000Z,1012.890015,1012.890015,"""""",0
srphd,YT.08WL004.VOLN,08 Well 004 Volume Month End Adjusted,2021-04-19T12:00:00.000Z,1012.890015,1012.890015,"""""",0
srphd,YT.08WL004.VOLN,08 Well 004 Volume Month End Adjusted,2021-04-19T13:00:00.000Z,1012.890015,1012.890015,"""""",0
srphd,YT.08WL004.VOLN,08 Well 004 Volume Month End Adjusted,2021-04-19T14:00:00.000Z,1012.890015,1012.890015,"""""",0
srphd,YT.08WL004.VOLN,08 Well 004 Volume Month End Adjusted,2021-04-19T15:00:00.000Z,1012.890015,1012.890015,"""""",0
srphd,YT.08WL004.VOLN,08 Well 004 Volume Month End Adjusted,2021-04-19T16:00:00.000Z,1012.890015,1012.890015,"""""",0
srphd,YT.08WL004.VOLN,08 Well 004 Volume Month End Adjusted,2021-04-19T17:00:00.000Z,1012.890015,1012.890015,"""""",0
srphd,YT.08WL004.VOLN,08 Well 004 Volume Month End Adjusted,2021-04-19T18:00:00.000Z,1012.890015,1012.890015,"""""",0
srphd,YT.08WL005.VOLN,08 Well 005 Volume Month End Adjusted,2021-04-19T01:00:00.000Z,3272.544922,3261.897089,"""""",0
srphd,YT.08WL005.VOLN,08 Well 005 Volume Month End Adjusted,2021-04-19T02:00:00.000Z,3293.9375,3283.371808,"""""",0
srphd,YT.08WL005.VOLN,08 Well 005 Volume Month End Adjusted,2021-04-19T03:00:00.000Z,3315.885742,3304.960663,"""""",0
srphd,YT.08WL005.VOLN,08 Well 005 Volume Month End Adjusted,2021-04-19T04:00:00.000Z,3338.118164,3327.113515,"""""",0
srphd,YT.08WL005.VOLN,08 Well 005 Volume Month End Adjusted,2021-04-19T05:00:00.000Z,3360.516357,3349.488609,"""""",0
srphd,YT.08WL005.VOLN,08 Well 005 Volume Month End Adjusted,2021-04-19T06:00:00.000Z,3382.718994,3371.76381,"""""",0
srphd,YT.08WL005.VOLN,08 Well 005 Volume Month End Adjusted,2021-04-19T07:00:00.000Z,3405.289063,3394.334625,"""""",0
srphd,YT.08WL005.VOLN,08 Well 005 Volume Month End Adjusted,2021-04-19T08:00:00.000Z,3427.42749,3416.435032,"""""",0
srphd,YT.08WL005.VOLN,08 Well 005 Volume Month End Adjusted,2021-04-19T09:00:00.000Z,3449.455811,3438.690535,"""""",0
srphd,YT.08WL005.VOLN,08 Well 005 Volume Month End Adjusted,2021-04-19T10:00:00.000Z,3471.380371,3460.552618,"""""",0
srphd,YT.08WL005.VOLN,08 Well 005 Volume Month End Adjusted,2021-04-19T11:00:00.000Z,3493.386719,3482.558033,"""""",0
srphd,YT.08WL005.VOLN,08 Well 005 Volume Month End Adjusted,2021-04-19T12:00:00.000Z,3515.35498,3504.491516,"""""",0
srphd,YT.08WL005.VOLN,08 Well 005 Volume Month End Adjusted,2021-04-19T13:00:00.000Z,3537.715088,3526.857012,"""""",0
srphd,YT.08WL005.VOLN,08 Well 005 Volume Month End Adjusted,2021-04-19T14:00:00.000Z,3559.879639,3548.753012,"""""",0
srphd,YT.08WL005.VOLN,08 Well 005 Volume Month End Adjusted,2021-04-19T15:00:00.000Z,3583.972412,3572.220882,"""""",0
srphd,YT.08WL005.VOLN,08 Well 005 Volume Month End Adjusted,2021-04-19T16:00:00.000Z,3606.642578,3595.516799,"""""",0
srphd,YT.08WL005.VOLN,08 Well 005 Volume Month End Adjusted,2021-04-19T17:00:00.000Z,3630.395264,3618.641711,"""""",0
srphd,YT.08WL005.VOLN,08 Well 005 Volume Month End Adjusted,2021-04-19T18:00:00.000Z,3631.605469,3631.123828,"""""",0
srphd,YT.08WL007.VOLN,08 Well 007 Volume Month End Adjusted,2021-04-19T01:00:00.000Z,5891.22168,5880.719698,"""""",0
srphd,YT.08WL007.VOLN,08 Well 007 Volume Month End Adjusted,2021-04-19T02:00:00.000Z,5913.279785,5902.5854,"""""",0
srphd,YT.08WL007.VOLN,08 Well 007 Volume Month End Adjusted,2021-04-19T03:00:00.000Z,5935.069824,5924.200537,"""""",0
srphd,YT.08WL007.VOLN,08 Well 007 Volume Month End Adjusted,2021-04-19T04:00:00.000Z,5956.59668,5945.919613,"""""",0
srphd,YT.08WL007.VOLN,08 Well 007 Volume Month End Adjusted,2021-04-19T05:00:00.000Z,5978.172852,5967.625338,"""""",0
srphd,YT.08WL007.VOLN,08 Well 007 Volume Month End Adjusted,2021-04-19T06:00:00.000Z,5999.863281,5989.103556,"""""",0
srphd,YT.08WL007.VOLN,08 Well 007 Volume Month End Adjusted,2021-04-19T07:00:00.000Z,6021.239746,6010.74611,"""""",0
srphd,YT.08WL007.VOLN,08 Well 007 Volume Month End Adjusted,2021-04-19T08:00:00.000Z,6043.84375,6032.665925,"""""",0
srphd,YT.08WL007.VOLN,08 Well 007 Volume Month End Adjusted,2021-04-19T09:00:00.000Z,6065.948242,6054.88951,"""""",0
srphd,YT.08WL007.VOLN,08 Well 007 Volume Month End Adjusted,2021-04-19T10:00:00.000Z,6088.48291,6077.03868,"""""",0
srphd,YT.08WL007.VOLN,08 Well 007 Volume Month End Adjusted,2021-04-19T11:00:00.000Z,6110.658691,6099.922446,"""""",0
srphd,YT.08WL007.VOLN,08 Well 007 Volume Month End Adjusted,2021-04-19T12:00:00.000Z,6132.9375,6122.031535,"""""",0
srphd,YT.08WL007.VOLN,08 Well 007 Volume Month End Adjusted,2021-04-19T13:00:00.000Z,6154.203613,6143.820904,"""""",0
srphd,YT.08WL007.VOLN,08 Well 007 Volume Month End Adjusted,2021-04-19T14:00:00.000Z,6175.206055,6164.715717,"""""",0
srphd,YT.08WL007.VOLN,08 Well 007 Volume Month End Adjusted,2021-04-19T15:00:00.000Z,6197.01416,6186.362606,"""""",0
srphd,YT.08WL007.VOLN,08 Well 007 Volume Month End Adjusted,2021-04-19T16:00:00.000Z,6218.49707,6207.784408,"""""",0
srphd,YT.08WL007.VOLN,08 Well 007 Volume Month End Adjusted,2021-04-19T17:00:00.000Z,6239.441406,6229.103923,"""""",0
srphd,YT.08WL007.VOLN,08 Well 007 Volume Month End Adjusted,2021-04-19T18:00:00.000Z,6240.546875,6240.102148,"""""",0
srphd,YT.08WL008.VOLN,08 Well 008 Volume Month End Adjusted,2021-04-19T01:00:00.000Z,851.3699951,851.3699951,"""""",0
srphd,YT.08WL008.VOLN,08 Well 008 Volume Month End Adjusted,2021-04-19T02:00:00.000Z,851.3699951,851.3699951,"""""",0
srphd,YT.08WL008.VOLN,08 Well 008 Volume Month End Adjusted,2021-04-19T03:00:00.000Z,851.3699951,851.3699951,"""""",0
srphd,YT.08WL008.VOLN,08 Well 008 Volume Month End Adjusted,2021-04-19T04:00:00.000Z,851.3699951,851.3699951,"""""",0
srphd,YT.08WL008.VOLN,08 Well 008 Volume Month End Adjusted,2021-04-19T05:00:00.000Z,851.3699951,851.3699951,"""""",0
srphd,YT.08WL008.VOLN,08 Well 008 Volume Month End Adjusted,2021-04-19T06:00:00.000Z,851.3699951,851.3699951,"""""",0
srphd,YT.08WL008.VOLN,08 Well 008 Volume Month End Adjusted,2021-04-19T07:00:00.000Z,851.3699951,851.3699951,"""""",0
srphd,YT.08WL008.VOLN,08 Well 008 Volume Month End Adjusted,2021-04-19T08:00:00.000Z,851.3699951,851.3699951,"""""",0
srphd,YT.08WL008.VOLN,08 Well 008 Volume Month End Adjusted,2021-04-19T09:00:00.000Z,851.3699951,851.3699951,"""""",0
srphd,YT.08WL008.VOLN,08 Well 008 Volume Month End Adjusted,2021-04-19T10:00:00.000Z,851.3699951,851.3699951,"""""",0
srphd,YT.08WL008.VOLN,08 Well 008 Volume Month End Adjusted,2021-04-19T11:00:00.000Z,851.3699951,851.3699951,"""""",0
srphd,YT.08WL008.VOLN,08 Well 008 Volume Month End Adjusted,2021-04-19T12:00:00.000Z,851.3699951,851.3699951,"""""",0
srphd,YT.08WL008.VOLN,08 Well 008 Volume Month End Adjusted,2021-04-19T13:00:00.000Z,851.3577881,851.3698917,"""""",0
srphd,YT.08WL008.VOLN,08 Well 008 Volume Month End Adjusted,2021-04-19T14:00:00.000Z,833.7974243,842.6386517,"""""",0
srphd,YT.08WL008.VOLN,08 Well 008 Volume Month End Adjusted,2021-04-19T15:00:00.000Z,817.3850098,825.4024653,"""""",0
srphd,YT.08WL008.VOLN,08 Well 008 Volume Month End Adjusted,2021-04-19T16:00:00.000Z,800.6685791,808.9222473,"""""",0
srphd,YT.08WL008.VOLN,08 Well 008 Volume Month End Adjusted,2021-04-19T17:00:00.000Z,783.708252,792.0299667,"""""",0
srphd,YT.08WL008.VOLN,08 Well 008 Volume Month End Adjusted,2021-04-19T18:00:00.000Z,782.8521729,783.1998291,"""""",0
srphd,YT.08WL009.VOLN,08 Well 009 Volume Month End Adjusted,2021-04-19T01:00:00.000Z,6841.669922,6841.669922,"""""",0
srphd,YT.08WL009.VOLN,08 Well 009 Volume Month End Adjusted,2021-04-19T02:00:00.000Z,6841.669922,6841.669922,"""""",0
srphd,YT.08WL009.VOLN,08 Well 009 Volume Month End Adjusted,2021-04-19T03:00:00.000Z,6841.669922,6841.669922,"""""",0
srphd,YT.08WL009.VOLN,08 Well 009 Volume Month End Adjusted,2021-04-19T04:00:00.000Z,6841.669922,6841.669922,"""""",0
srphd,YT.08WL009.VOLN,08 Well 009 Volume Month End Adjusted,2021-04-19T05:00:00.000Z,6841.669922,6841.669922,"""""",0
srphd,YT.08WL009.VOLN,08 Well 009 Volume Month End Adjusted,2021-04-19T06:00:00.000Z,6841.669922,6841.669922,"""""",0
srphd,YT.08WL009.VOLN,08 Well 009 Volume Month End Adjusted,2021-04-19T07:00:00.000Z,6841.669922,6841.669922,"""""",0
srphd,YT.08WL009.VOLN,08 Well 009 Volume Month End Adjusted,2021-04-19T08:00:00.000Z,6841.669922,6841.669922,"""""",0
srphd,YT.08WL009.VOLN,08 Well 009 Volume Month End Adjusted,2021-04-19T09:00:00.000Z,6841.669922,6841.669922,"""""",0
srphd,YT.08WL009.VOLN,08 Well 009 Volume Month End Adjusted,2021-04-19T10:00:00.000Z,6841.669922,6841.669922,"""""",0
srphd,YT.08WL009.VOLN,08 Well 009 Volume Month End Adjusted,2021-04-19T11:00:00.000Z,6841.669922,6841.669922,"""""",0
srphd,YT.08WL009.VOLN,08 Well 009 Volume Month End Adjusted,2021-04-19T12:00:00.000Z,6841.669922,6841.669922,"""""",0
srphd,YT.08WL009.VOLN,08 Well 009 Volume Month End Adjusted,2021-04-19T13:00:00.000Z,6841.669922,6841.669922,"""""",0
srphd,YT.08WL009.VOLN,08 Well 009 Volume Month End Adjusted,2021-04-19T14:00:00.000Z,6841.669922,6841.669922,"""""",0
srphd,YT.08WL009.VOLN,08 Well 009 Volume Month End Adjusted,2021-04-19T15:00:00.000Z,6841.669922,6841.669922,"""""",0
srphd,YT.08WL009.VOLN,08 Well 009 Volume Month End Adjusted,2021-04-19T16:00:00.000Z,6841.669922,6841.669922,"""""",0
srphd,YT.08WL009.VOLN,08 Well 009 Volume Month End Adjusted,2021-04-19T17:00:00.000Z,6841.669922,6841.669922,"""""",0
srphd,YT.08WL009.VOLN,08 Well 009 Volume Month End Adjusted,2021-04-19T18:00:00.000Z,6841.669922,6841.669922,"""""",0
srphd,YT.08WL010.VOLN,08 Well 010 Volume Month End Adjusted,2021-04-19T01:00:00.000Z,5179.31543,5174.652608,"""""",0
srphd,YT.08WL010.VOLN,08 Well 010 Volume Month End Adjusted,2021-04-19T02:00:00.000Z,5188.374023,5183.981108,"""""",0
srphd,YT.08WL010.VOLN,08 Well 010 Volume Month End Adjusted,2021-04-19T03:00:00.000Z,5197.319824,5192.922298,"""""",0
srphd,YT.08WL010.VOLN,08 Well 010 Volume Month End Adjusted,2021-04-19T04:00:00.000Z,5205.211914,5201.713625,"""""",0
srphd,YT.08WL010.VOLN,08 Well 010 Volume Month End Adjusted,2021-04-19T05:00:00.000Z,5210.744141,5207.890694,"""""",0
srphd,YT.08WL010.VOLN,08 Well 010 Volume Month End Adjusted,2021-04-19T06:00:00.000Z,5216.564453,5213.629639,"""""",0
srphd,YT.08WL010.VOLN,08 Well 010 Volume Month End Adjusted,2021-04-19T07:00:00.000Z,5224.694336,5220.727279,"""""",0
srphd,YT.08WL010.VOLN,08 Well 010 Volume Month End Adjusted,2021-04-19T08:00:00.000Z,5233.92041,5229.095893,"""""",0
srphd,YT.08WL010.VOLN,08 Well 010 Volume Month End Adjusted,2021-04-19T09:00:00.000Z,5244.106934,5239.110262,"""""",0
srphd,YT.08WL010.VOLN,08 Well 010 Volume Month End Adjusted,2021-04-19T10:00:00.000Z,5252.958496,5248.74445,"""""",0
srphd,YT.08WL010.VOLN,08 Well 010 Volume Month End Adjusted,2021-04-19T11:00:00.000Z,5261.245117,5257.167431,"""""",0
srphd,YT.08WL010.VOLN,08 Well 010 Volume Month End Adjusted,2021-04-19T12:00:00.000Z,5269.51123,5265.427177,"""""",0
srphd,YT.08WL010.VOLN,08 Well 010 Volume Month End Adjusted,2021-04-19T13:00:00.000Z,5278.015137,5273.825195,"""""",0
srphd,YT.08WL010.VOLN,08 Well 010 Volume Month End Adjusted,2021-04-19T14:00:00.000Z,5286.465332,5282.232074,"""""",0
srphd,YT.08WL010.VOLN,08 Well 010 Volume Month End Adjusted,2021-04-19T15:00:00.000Z,5293.130859,5290.013192,"""""",0
srphd,YT.08WL010.VOLN,08 Well 010 Volume Month End Adjusted,2021-04-19T16:00:00.000Z,5299.181152,5296.212614,"""""",0
srphd,YT.08WL010.VOLN,08 Well 010 Volume Month End Adjusted,2021-04-19T17:00:00.000Z,5305.245605,5302.240153,"""""",0
srphd,YT.08WL010.VOLN,08 Well 010 Volume Month End Adjusted,2021-04-19T18:00:00.000Z,5305.681641,5305.502051,"""""",0
srphd,YT.08WL013.VOLN,08 Well 013 Volume Month End Adjusted,2021-04-19T01:00:00.000Z,1182.930176,1184.476691,"""""",0
srphd,YT.08WL013.VOLN,08 Well 013 Volume Month End Adjusted,2021-04-19T02:00:00.000Z,1179.780151,1181.326311,"""""",0
srphd,YT.08WL013.VOLN,08 Well 013 Volume Month End Adjusted,2021-04-19T03:00:00.000Z,1176.630005,1178.179589,"""""",0
srphd,YT.08WL013.VOLN,08 Well 013 Volume Month End Adjusted,2021-04-19T04:00:00.000Z,1173.48999,1175.042899,"""""",0
srphd,YT.08WL013.VOLN,08 Well 013 Volume Month End Adjusted,2021-04-19T05:00:00.000Z,1170.355957,1171.888673,"""""",0
srphd,YT.08WL013.VOLN,08 Well 013 Volume Month End Adjusted,2021-04-19T06:00:00.000Z,1167.219849,1168.761753,"""""",0
srphd,YT.08WL013.VOLN,08 Well 013 Volume Month End Adjusted,2021-04-19T07:00:00.000Z,1164.079834,1165.62065,"""""",0
srphd,YT.08WL013.VOLN,08 Well 013 Volume Month End Adjusted,2021-04-19T08:00:00.000Z,1160.92981,1162.502812,"""""",0
srphd,YT.08WL013.VOLN,08 Well 013 Volume Month End Adjusted,2021-04-19T09:00:00.000Z,1157.799805,1159.339809,"""""",0
srphd,YT.08WL013.VOLN,08 Well 013 Volume Month End Adjusted,2021-04-19T10:00:00.000Z,1154.659668,1156.200329,"""""",0
srphd,YT.08WL013.VOLN,08 Well 013 Volume Month End Adjusted,2021-04-19T11:00:00.000Z,1151.519653,1153.065785,"""""",0
srphd,YT.08WL013.VOLN,08 Well 013 Volume Month End Adjusted,2021-04-19T12:00:00.000Z,1148.379639,1149.921724,"""""",0
srphd,YT.08WL013.VOLN,08 Well 013 Volume Month End Adjusted,2021-04-19T13:00:00.000Z,1145.269531,1146.790912,"""""",0
srphd,YT.08WL013.VOLN,08 Well 013 Volume Month End Adjusted,2021-04-19T14:00:00.000Z,1142.179565,1143.721736,"""""",0
srphd,YT.08WL013.VOLN,08 Well 013 Volume Month End Adjusted,2021-04-19T15:00:00.000Z,1139.089478,1140.608078,"""""",0
srphd,YT.08WL013.VOLN,08 Well 013 Volume Month End Adjusted,2021-04-19T16:00:00.000Z,1136.009399,1137.516135,"""""",0
srphd,YT.08WL013.VOLN,08 Well 013 Volume Month End Adjusted,2021-04-19T17:00:00.000Z,1132.899414,1134.433771,"""""",0
srphd,YT.08WL013.VOLN,08 Well 013 Volume Month End Adjusted,2021-04-19T18:00:00.000Z,1132.74939,1132.809351,"""""",0
srphd,YT.08WL014.VOLN,08 Well 014 Volume Month End Adjusted,2021-04-19T01:00:00.000Z,1825.577393,1818.490859,"""""",0
srphd,YT.08WL014.VOLN,08 Well 014 Volume Month End Adjusted,2021-04-19T02:00:00.000Z,1840.01355,1832.910805,"""""",0
srphd,YT.08WL014.VOLN,08 Well 014 Volume Month End Adjusted,2021-04-19T03:00:00.000Z,1854.503784,1847.374257,"""""",0
srphd,YT.08WL014.VOLN,08 Well 014 Volume Month End Adjusted,2021-04-19T04:00:00.000Z,1869.014038,1861.871533,"""""",0
srphd,YT.08WL014.VOLN,08 Well 014 Volume Month End Adjusted,2021-04-19T05:00:00.000Z,1883.522217,1876.382293,"""""",0
srphd,YT.08WL014.VOLN,08 Well 014 Volume Month End Adjusted,2021-04-19T06:00:00.000Z,1898.054565,1890.902725,"""""",0
srphd,YT.08WL014.VOLN,08 Well 014 Volume Month End Adjusted,2021-04-19T07:00:00.000Z,1912.55481,1905.426489,"""""",0
srphd,YT.08WL014.VOLN,08 Well 014 Volume Month End Adjusted,2021-04-19T08:00:00.000Z,1927.198975,1919.842984,"""""",0
srphd,YT.08WL014.VOLN,08 Well 014 Volume Month End Adjusted,2021-04-19T09:00:00.000Z,1942.201416,1934.816058,"""""",0
srphd,YT.08WL014.VOLN,08 Well 014 Volume Month End Adjusted,2021-04-19T10:00:00.000Z,1957.617554,1950.034956,"""""",0
srphd,YT.08WL014.VOLN,08 Well 014 Volume Month End Adjusted,2021-04-19T11:00:00.000Z,1973.017822,1965.423156,"""""",0
srphd,YT.08WL014.VOLN,08 Well 014 Volume Month End Adjusted,2021-04-19T12:00:00.000Z,1944.719971,1963.153727,"""""",0
srphd,YT.08WL014.VOLN,08 Well 014 Volume Month End Adjusted,2021-04-19T13:00:00.000Z,1903.625732,1923.750761,"""""",0
srphd,YT.08WL014.VOLN,08 Well 014 Volume Month End Adjusted,2021-04-19T14:00:00.000Z,1862.578979,1883.044208,"""""",0
srphd,YT.08WL014.VOLN,08 Well 014 Volume Month End Adjusted,2021-04-19T15:00:00.000Z,1820.528198,1841.289805,"""""",0
srphd,YT.08WL014.VOLN,08 Well 014 Volume Month End Adjusted,2021-04-19T16:00:00.000Z,1779.1698,1799.275312,"""""",0
srphd,YT.08WL014.VOLN,08 Well 014 Volume Month End Adjusted,2021-04-19T17:00:00.000Z,1739.847534,1759.074071,"""""",0
srphd,YT.08WL014.VOLN,08 Well 014 Volume Month End Adjusted,2021-04-19T18:00:00.000Z,1737.92749,1738.695508,"""""",0
srphd,YT.03TKVOLMAN2.CV,Tank Volume manual entry,2021-04-18T01:00:00.000Z,45,45,"""""",0
srphd,YT.03TKVOLMAN2.CV,Tank Volume manual entry,2021-04-18T02:00:00.000Z,45,45,"""""",0
srphd,YT.03TKVOLMAN2.CV,Tank Volume manual entry,2021-04-18T03:00:00.000Z,45,45,"""""",0
srphd,YT.03TKVOLMAN2.CV,Tank Volume manual entry,2021-04-18T04:00:00.000Z,45,45,"""""",0
srphd,YT.03TKVOLMAN2.CV,Tank Volume manual entry,2021-04-18T05:00:00.000Z,45,45,"""""",0
srphd,YT.03TKVOLMAN2.CV,Tank Volume manual entry,2021-04-18T06:00:00.000Z,45,45,"""""",0
srphd,YT.03TKVOLMAN2.CV,Tank Volume manual entry,2021-04-18T07:00:00.000Z,45,45,"""""",0
srphd,YT.03TKVOLMAN2.CV,Tank Volume manual entry,2021-04-18T08:00:00.000Z,45,45,"""""",0
srphd,YT.03TKVOLMAN2.CV,Tank Volume manual entry,2021-04-18T09:00:00.000Z,45,45,"""""",0
srphd,YT.03TKVOLMAN2.CV,Tank Volume manual entry,2021-04-18T10:00:00.000Z,45,45,"""""",0
srphd,YT.03TKVOLMAN2.CV,Tank Volume manual entry,2021-04-18T11:00:00.000Z,45,45,"""""",0
srphd,YT.03TKVOLMAN2.CV,Tank Volume manual entry,2021-04-18T12:00:00.000Z,45,45,"""""",0
srphd,YT.03TKVOLMAN2.CV,Tank Volume manual entry,2021-04-18T13:00:00.000Z,45,45,"""""",0
srphd,YT.03TKVOLMAN2.CV,Tank Volume manual entry,2021-04-18T14:00:00.000Z,45,45,"""""",0
srphd,YT.03TKVOLMAN2.CV,Tank Volume manual entry,2021-04-18T15:00:00.000Z,45,45,"""""",0
srphd,YT.03TKVOLMAN2.CV,Tank Volume manual entry,2021-04-18T16:00:00.000Z,45,45,"""""",0
srphd,YT.03TKVOLMAN2.CV,Tank Volume manual entry,2021-04-18T17:00:00.000Z,45,45,"""""",0
srphd,YT.03TKVOLMAN2.CV,Tank Volume manual entry,2021-04-18T18:00:00.000Z,45,45,"""""",0
srphd,YT.03TKVOLMAN2.CV,Tank Volume manual entry,2021-04-18T19:00:00.000Z,45,45,"""""",0
srphd,YT.03TKVOLMAN2.CV,Tank Volume manual entry,2021-04-18T20:00:00.000Z,45,45,"""""",0
srphd,YT.03TKVOLMAN2.CV,Tank Volume manual entry,2021-04-18T21:00:00.000Z,45,45,"""""",0
srphd,YT.03TKVOLMAN2.CV,Tank Volume manual entry,2021-04-18T22:00:00.000Z,45,45,"""""",0
srphd,YT.03TKVOLMAN2.CV,Tank Volume manual entry,2021-04-18T23:00:00.000Z,45,45,"""""",0
srphd,YT.03TKVOLMAN2.CV,Tank Volume manual entry,2021-04-19T00:00:00.000Z,45,45,"""""",0
srphd,YT.08WL003.VOLN,08 Well 003 Volume Month End Adjusted,2021-04-18T01:00:00.000Z,3400.619141,3413.224774,"""""",0
srphd,YT.08WL003.VOLN,08 Well 003 Volume Month End Adjusted,2021-04-18T02:00:00.000Z,3375.038818,3387.605389,"""""",0
srphd,YT.08WL003.VOLN,08 Well 003 Volume Month End Adjusted,2021-04-18T03:00:00.000Z,3349.462646,3362.030337,"""""",0
srphd,YT.08WL003.VOLN,08 Well 003 Volume Month End Adjusted,2021-04-18T04:00:00.000Z,3323.872314,3336.457113,"""""",0
srphd,YT.08WL003.VOLN,08 Well 003 Volume Month End Adjusted,2021-04-18T05:00:00.000Z,3301.894531,3311.471277,"""""",0
srphd,YT.08WL003.VOLN,08 Well 003 Volume Month End Adjusted,2021-04-18T06:00:00.000Z,3289.408691,3295.559941,"""""",0
srphd,YT.08WL003.VOLN,08 Well 003 Volume Month End Adjusted,2021-04-18T07:00:00.000Z,3276.898438,3283.045339,"""""",0
srphd,YT.08WL003.VOLN,08 Well 003 Volume Month End Adjusted,2021-04-18T08:00:00.000Z,3264.368164,3270.529926,"""""",0
srphd,YT.08WL003.VOLN,08 Well 003 Volume Month End Adjusted,2021-04-18T09:00:00.000Z,3251.817871,3257.979869,"""""",0
srphd,YT.08WL003.VOLN,08 Well 003 Volume Month End Adjusted,2021-04-18T10:00:00.000Z,3239.277588,3245.44293,"""""",0
srphd,YT.08WL003.VOLN,08 Well 003 Volume Month End Adjusted,2021-04-18T11:00:00.000Z,3232.095703,3233.133083,"""""",0
srphd,YT.08WL003.VOLN,08 Well 003 Volume Month End Adjusted,2021-04-18T12:00:00.000Z,3294.917725,3264.196377,"""""",0
srphd,YT.08WL003.VOLN,08 Well 003 Volume Month End Adjusted,2021-04-18T13:00:00.000Z,3357.398682,3326.660409,"""""",0
srphd,YT.08WL003.VOLN,08 Well 003 Volume Month End Adjusted,2021-04-18T14:00:00.000Z,3419.649658,3388.98057,"""""",0
srphd,YT.08WL003.VOLN,08 Well 003 Volume Month End Adjusted,2021-04-18T15:00:00.000Z,3481.714844,3451.20625,"""""",0
srphd,YT.08WL003.VOLN,08 Well 003 Volume Month End Adjusted,2021-04-18T16:00:00.000Z,3543.641846,3513.210093,"""""",0
srphd,YT.08WL003.VOLN,08 Well 003 Volume Month End Adjusted,2021-04-18T17:00:00.000Z,3605.531006,3575.362313,"""""",0
srphd,YT.08WL003.VOLN,08 Well 003 Volume Month End Adjusted,2021-04-18T18:00:00.000Z,3667.271973,3636.938843,"""""",0
srphd,YT.08WL003.VOLN,08 Well 003 Volume Month End Adjusted,2021-04-18T19:00:00.000Z,3729.703125,3698.921647,"""""",0
srphd,YT.08WL003.VOLN,08 Well 003 Volume Month End Adjusted,2021-04-18T20:00:00.000Z,3791.174072,3760.911743,"""""",0
srphd,YT.08WL003.VOLN,08 Well 003 Volume Month End Adjusted,2021-04-18T21:00:00.000Z,3853.23877,3822.568577,"""""",0
srphd,YT.08WL003.VOLN,08 Well 003 Volume Month End Adjusted,2021-04-18T22:00:00.000Z,3917.233887,3885.856091,"""""",0
srphd,YT.08WL003.VOLN,08 Well 003 Volume Month End Adjusted,2021-04-18T23:00:00.000Z,3979.419189,3948.90871,"""""",0
srphd,YT.08WL003.VOLN,08 Well 003 Volume Month End Adjusted,2021-04-19T00:00:00.000Z,4041.48999,4011.004628,"""""",0
srphd,YT.08WL004.VOLN,08 Well 004 Volume Month End Adjusted,2021-04-18T01:00:00.000Z,1012.890015,1012.890015,"""""",0
srphd,YT.08WL004.VOLN,08 Well 004 Volume Month End Adjusted,2021-04-18T02:00:00.000Z,1012.890015,1012.890015,"""""",0
srphd,YT.08WL004.VOLN,08 Well 004 Volume Month End Adjusted,2021-04-18T03:00:00.000Z,1012.890015,1012.890015,"""""",0
srphd,YT.08WL004.VOLN,08 Well 004 Volume Month End Adjusted,2021-04-18T04:00:00.000Z,1012.890015,1012.890015,"""""",0
srphd,YT.08WL004.VOLN,08 Well 004 Volume Month End Adjusted,2021-04-18T05:00:00.000Z,1012.890015,1012.890015,"""""",0
srphd,YT.08WL004.VOLN,08 Well 004 Volume Month End Adjusted,2021-04-18T06:00:00.000Z,1012.890015,1012.890015,"""""",0
srphd,YT.08WL004.VOLN,08 Well 004 Volume Month End Adjusted,2021-04-18T07:00:00.000Z,1012.890015,1012.890015,"""""",0
srphd,YT.08WL004.VOLN,08 Well 004 Volume Month End Adjusted,2021-04-18T08:00:00.000Z,1012.890015,1012.890015,"""""",0
srphd,YT.08WL004.VOLN,08 Well 004 Volume Month End Adjusted,2021-04-18T09:00:00.000Z,1012.890015,1012.890015,"""""",0
srphd,YT.08WL004.VOLN,08 Well 004 Volume Month End Adjusted,2021-04-18T10:00:00.000Z,1012.890015,1012.890015,"""""",0
srphd,YT.08WL004.VOLN,08 Well 004 Volume Month End Adjusted,2021-04-18T11:00:00.000Z,1012.890015,1012.890015,"""""",0
srphd,YT.08WL004.VOLN,08 Well 004 Volume Month End Adjusted,2021-04-18T12:00:00.000Z,1012.890015,1012.890015,"""""",0
srphd,YT.08WL004.VOLN,08 Well 004 Volume Month End Adjusted,2021-04-18T13:00:00.000Z,1012.890015,1012.890015,"""""",0
srphd,YT.08WL004.VOLN,08 Well 004 Volume Month End Adjusted,2021-04-18T14:00:00.000Z,1012.890015,1012.890015,"""""",0
srphd,YT.08WL004.VOLN,08 Well 004 Volume Month End Adjusted,2021-04-18T15:00:00.000Z,1012.890015,1012.890015,"""""",0
srphd,YT.08WL004.VOLN,08 Well 004 Volume Month End Adjusted,2021-04-18T16:00:00.000Z,1012.890015,1012.890015,"""""",0
srphd,YT.08WL004.VOLN,08 Well 004 Volume Month End Adjusted,2021-04-18T17:00:00.000Z,1012.890015,1012.890015,"""""",0
srphd,YT.08WL004.VOLN,08 Well 004 Volume Month End Adjusted,2021-04-18T18:00:00.000Z,1012.890015,1012.890015,"""""",0
srphd,YT.08WL004.VOLN,08 Well 004 Volume Month End Adjusted,2021-04-18T19:00:00.000Z,1012.890015,1012.890015,"""""",0
srphd,YT.08WL004.VOLN,08 Well 004 Volume Month End Adjusted,2021-04-18T20:00:00.000Z,1012.890015,1012.890015,"""""",0
srphd,YT.08WL004.VOLN,08 Well 004 Volume Month End Adjusted,2021-04-18T21:00:00.000Z,1012.890015,1012.890015,"""""",0
srphd,YT.08WL004.VOLN,08 Well 004 Volume Month End Adjusted,2021-04-18T22:00:00.000Z,1012.890015,1012.890015,"""""",0
srphd,YT.08WL004.VOLN,08 Well 004 Volume Month End Adjusted,2021-04-18T23:00:00.000Z,1012.890015,1012.890015,"""""",0
srphd,YT.08WL004.VOLN,08 Well 004 Volume Month End Adjusted,2021-04-19T00:00:00.000Z,1012.890015,1012.890015,"""""",0
srphd,YT.08WL005.VOLN,08 Well 005 Volume Month End Adjusted,2021-04-18T01:00:00.000Z,2941.738525,2941.191715,"""""",0
srphd,YT.08WL005.VOLN,08 Well 005 Volume Month End Adjusted,2021-04-18T02:00:00.000Z,2942.517334,2942.028259,"""""",0
srphd,YT.08WL005.VOLN,08 Well 005 Volume Month End Adjusted,2021-04-18T03:00:00.000Z,2943.726074,2943.088224,"""""",0
srphd,YT.08WL005.VOLN,08 Well 005 Volume Month End Adjusted,2021-04-18T04:00:00.000Z,2946.017578,2944.696153,"""""",0
srphd,YT.08WL005.VOLN,08 Well 005 Volume Month End Adjusted,2021-04-18T05:00:00.000Z,2949.206055,2947.443996,"""""",0
srphd,YT.08WL005.VOLN,08 Well 005 Volume Month End Adjusted,2021-04-18T06:00:00.000Z,2954.461914,2952.042916,"""""",0
srphd,YT.08WL005.VOLN,08 Well 005 Volume Month End Adjusted,2021-04-18T07:00:00.000Z,2959.710938,2956.922919,"""""",0
srphd,YT.08WL005.VOLN,08 Well 005 Volume Month End Adjusted,2021-04-18T08:00:00.000Z,2965.516357,2962.759131,"""""",0
srphd,YT.08WL005.VOLN,08 Well 005 Volume Month End Adjusted,2021-04-18T09:00:00.000Z,2970.496582,2968.142519,"""""",0
srphd,YT.08WL005.VOLN,08 Well 005 Volume Month End Adjusted,2021-04-18T10:00:00.000Z,2975.248291,2972.808223,"""""",0
srphd,YT.08WL005.VOLN,08 Well 005 Volume Month End Adjusted,2021-04-18T11:00:00.000Z,2980.585938,2977.43878,"""""",0
srphd,YT.08WL005.VOLN,08 Well 005 Volume Month End Adjusted,2021-04-18T12:00:00.000Z,3002.234375,2991.540651,"""""",0
srphd,YT.08WL005.VOLN,08 Well 005 Volume Month End Adjusted,2021-04-18T13:00:00.000Z,3023.854736,3013.271025,"""""",0
srphd,YT.08WL005.VOLN,08 Well 005 Volume Month End Adjusted,2021-04-18T14:00:00.000Z,3045.259277,3034.69219,"""""",0
srphd,YT.08WL005.VOLN,08 Well 005 Volume Month End Adjusted,2021-04-18T15:00:00.000Z,3068.468994,3057.106742,"""""",0
srphd,YT.08WL005.VOLN,08 Well 005 Volume Month End Adjusted,2021-04-18T16:00:00.000Z,3090.494141,3079.806451,"""""",0
srphd,YT.08WL005.VOLN,08 Well 005 Volume Month End Adjusted,2021-04-18T17:00:00.000Z,3111.672119,3101.405356,"""""",0
srphd,YT.08WL005.VOLN,08 Well 005 Volume Month End Adjusted,2021-04-18T18:00:00.000Z,3131.984863,3122.019338,"""""",0
srphd,YT.08WL005.VOLN,08 Well 005 Volume Month End Adjusted,2021-04-18T19:00:00.000Z,3151.731445,3142.143795,"""""",0
srphd,YT.08WL005.VOLN,08 Well 005 Volume Month End Adjusted,2021-04-18T20:00:00.000Z,3171.05542,3161.472884,"""""",0
srphd,YT.08WL005.VOLN,08 Well 005 Volume Month End Adjusted,2021-04-18T21:00:00.000Z,3190.46582,3180.901933,"""""",0
srphd,YT.08WL005.VOLN,08 Well 005 Volume Month End Adjusted,2021-04-18T22:00:00.000Z,3209.966064,3200.414777,"""""",0
srphd,YT.08WL005.VOLN,08 Well 005 Volume Month End Adjusted,2021-04-18T23:00:00.000Z,3230.186523,3220.143913,"""""",0
srphd,YT.08WL005.VOLN,08 Well 005 Volume Month End Adjusted,2021-04-19T00:00:00.000Z,3250.978271,3240.603996,"""""",0
srphd,YT.08WL007.VOLN,08 Well 007 Volume Month End Adjusted,2021-04-18T01:00:00.000Z,5370.308105,5358.889571,"""""",0
srphd,YT.08WL007.VOLN,08 Well 007 Volume Month End Adjusted,2021-04-18T02:00:00.000Z,5392.658691,5381.62314,"""""",0
srphd,YT.08WL007.VOLN,08 Well 007 Volume Month End Adjusted,2021-04-18T03:00:00.000Z,5414.95166,5404.293323,"""""",0
srphd,YT.08WL007.VOLN,08 Well 007 Volume Month End Adjusted,2021-04-18T04:00:00.000Z,5437.12793,5426.192672,"""""",0
srphd,YT.08WL007.VOLN,08 Well 007 Volume Month End Adjusted,2021-04-18T05:00:00.000Z,5459.333984,5448.316781,"""""",0
srphd,YT.08WL007.VOLN,08 Well 007 Volume Month End Adjusted,2021-04-18T06:00:00.000Z,5480.708496,5470.209493,"""""",0
srphd,YT.08WL007.VOLN,08 Well 007 Volume Month End Adjusted,2021-04-18T07:00:00.000Z,5502.73877,5492.014058,"""""",0
srphd,YT.08WL007.VOLN,08 Well 007 Volume Month End Adjusted,2021-04-18T08:00:00.000Z,5525.06543,5513.958671,"""""",0
srphd,YT.08WL007.VOLN,08 Well 007 Volume Month End Adjusted,2021-04-18T09:00:00.000Z,5546.383789,5535.917074,"""""",0
srphd,YT.08WL007.VOLN,08 Well 007 Volume Month End Adjusted,2021-04-18T10:00:00.000Z,5568.145996,5557.328438,"""""",0
srphd,YT.08WL007.VOLN,08 Well 007 Volume Month End Adjusted,2021-04-18T11:00:00.000Z,5589.520508,5579.091402,"""""",0
srphd,YT.08WL007.VOLN,08 Well 007 Volume Month End Adjusted,2021-04-18T12:00:00.000Z,5610.456543,5600.333407,"""""",0
srphd,YT.08WL007.VOLN,08 Well 007 Volume Month End Adjusted,2021-04-18T13:00:00.000Z,5632.834961,5622.062008,"""""",0
srphd,YT.08WL007.VOLN,08 Well 007 Volume Month End Adjusted,2021-04-18T14:00:00.000Z,5654.303223,5643.464835,"""""",0
srphd,YT.08WL007.VOLN,08 Well 007 Volume Month End Adjusted,2021-04-18T15:00:00.000Z,5676.166016,5665.621244,"""""",0
srphd,YT.08WL007.VOLN,08 Well 007 Volume Month End Adjusted,2021-04-18T16:00:00.000Z,5698.106445,5687.316654,"""""",0
srphd,YT.08WL007.VOLN,08 Well 007 Volume Month End Adjusted,2021-04-18T17:00:00.000Z,5719.54834,5708.913119,"""""",0
srphd,YT.08WL007.VOLN,08 Well 007 Volume Month End Adjusted,2021-04-18T18:00:00.000Z,5740.44873,5730.204293,"""""",0
srphd,YT.08WL007.VOLN,08 Well 007 Volume Month End Adjusted,2021-04-18T19:00:00.000Z,5762.05127,5751.623283,"""""",0
srphd,YT.08WL007.VOLN,08 Well 007 Volume Month End Adjusted,2021-04-18T20:00:00.000Z,5783.647461,5772.986365,"""""",0
srphd,YT.08WL007.VOLN,08 Well 007 Volume Month End Adjusted,2021-04-18T21:00:00.000Z,5804.854004,5794.28975,"""""",0
srphd,YT.08WL007.VOLN,08 Well 007 Volume Month End Adjusted,2021-04-18T22:00:00.000Z,5826.384277,5815.811275,"""""",0
srphd,YT.08WL007.VOLN,08 Well 007 Volume Month End Adjusted,2021-04-18T23:00:00.000Z,5847.98877,5837.450045,"""""",0
srphd,YT.08WL007.VOLN,08 Well 007 Volume Month End Adjusted,2021-04-19T00:00:00.000Z,5869.641113,5858.823621,"""""",0
srphd,YT.08WL008.VOLN,08 Well 008 Volume Month End Adjusted,2021-04-18T01:00:00.000Z,851.3699951,851.3699951,"""""",0
srphd,YT.08WL008.VOLN,08 Well 008 Volume Month End Adjusted,2021-04-18T02:00:00.000Z,851.3699951,851.3699951,"""""",0
srphd,YT.08WL008.VOLN,08 Well 008 Volume Month End Adjusted,2021-04-18T03:00:00.000Z,851.3699951,851.3699951,"""""",0
srphd,YT.08WL008.VOLN,08 Well 008 Volume Month End Adjusted,2021-04-18T04:00:00.000Z,851.3699951,851.3699951,"""""",0
srphd,YT.08WL008.VOLN,08 Well 008 Volume Month End Adjusted,2021-04-18T05:00:00.000Z,851.3699951,851.3699951,"""""",0
srphd,YT.08WL008.VOLN,08 Well 008 Volume Month End Adjusted,2021-04-18T06:00:00.000Z,851.3699951,851.3699951,"""""",0
srphd,YT.08WL008.VOLN,08 Well 008 Volume Month End Adjusted,2021-04-18T07:00:00.000Z,851.3699951,851.3699951,"""""",0
srphd,YT.08WL008.VOLN,08 Well 008 Volume Month End Adjusted,2021-04-18T08:00:00.000Z,851.3699951,851.3699951,"""""",0
srphd,YT.08WL008.VOLN,08 Well 008 Volume Month End Adjusted,2021-04-18T09:00:00.000Z,851.3699951,851.3699951,"""""",0
srphd,YT.08WL008.VOLN,08 Well 008 Volume Month End Adjusted,2021-04-18T10:00:00.000Z,851.3699951,851.3699951,"""""",0
srphd,YT.08WL008.VOLN,08 Well 008 Volume Month End Adjusted,2021-04-18T11:00:00.000Z,851.3699951,851.3699951,"""""",0
srphd,YT.08WL008.VOLN,08 Well 008 Volume Month End Adjusted,2021-04-18T12:00:00.000Z,851.3699951,851.3699951,"""""",0
srphd,YT.08WL008.VOLN,08 Well 008 Volume Month End Adjusted,2021-04-18T13:00:00.000Z,851.3699951,851.3699951,"""""",0
srphd,YT.08WL008.VOLN,08 Well 008 Volume Month End Adjusted,2021-04-18T14:00:00.000Z,851.3699951,851.3699951,"""""",0
srphd,YT.08WL008.VOLN,08 Well 008 Volume Month End Adjusted,2021-04-18T15:00:00.000Z,851.3699951,851.3699951,"""""",0
srphd,YT.08WL008.VOLN,08 Well 008 Volume Month End Adjusted,2021-04-18T16:00:00.000Z,851.3699951,851.3699951,"""""",0
srphd,YT.08WL008.VOLN,08 Well 008 Volume Month End Adjusted,2021-04-18T17:00:00.000Z,851.3699951,851.3699951,"""""",0
srphd,YT.08WL008.VOLN,08 Well 008 Volume Month End Adjusted,2021-04-18T18:00:00.000Z,851.3699951,851.3699951,"""""",0
srphd,YT.08WL008.VOLN,08 Well 008 Volume Month End Adjusted,2021-04-18T19:00:00.000Z,851.3699951,851.3699951,"""""",0
srphd,YT.08WL008.VOLN,08 Well 008 Volume Month End Adjusted,2021-04-18T20:00:00.000Z,851.3699951,851.3699951,"""""",0
srphd,YT.08WL008.VOLN,08 Well 008 Volume Month End Adjusted,2021-04-18T21:00:00.000Z,851.3699951,851.3699951,"""""",0
srphd,YT.08WL008.VOLN,08 Well 008 Volume Month End Adjusted,2021-04-18T22:00:00.000Z,851.3699951,851.3699951,"""""",0
srphd,YT.08WL008.VOLN,08 Well 008 Volume Month End Adjusted,2021-04-18T23:00:00.000Z,851.3699951,851.3699951,"""""",0
srphd,YT.08WL008.VOLN,08 Well 008 Volume Month End Adjusted,2021-04-19T00:00:00.000Z,851.3699951,851.3699951,"""""",0
srphd,YT.08WL009.VOLN,08 Well 009 Volume Month End Adjusted,2021-04-18T01:00:00.000Z,6841.669922,6841.669922,"""""",0
srphd,YT.08WL009.VOLN,08 Well 009 Volume Month End Adjusted,2021-04-18T02:00:00.000Z,6841.669922,6841.669922,"""""",0
srphd,YT.08WL009.VOLN,08 Well 009 Volume Month End Adjusted,2021-04-18T03:00:00.000Z,6841.669922,6841.669922,"""""",0
srphd,YT.08WL009.VOLN,08 Well 009 Volume Month End Adjusted,2021-04-18T04:00:00.000Z,6841.669922,6841.669922,"""""",0
srphd,YT.08WL009.VOLN,08 Well 009 Volume Month End Adjusted,2021-04-18T05:00:00.000Z,6841.669922,6841.669922,"""""",0
srphd,YT.08WL009.VOLN,08 Well 009 Volume Month End Adjusted,2021-04-18T06:00:00.000Z,6841.669922,6841.669922,"""""",0
srphd,YT.08WL009.VOLN,08 Well 009 Volume Month End Adjusted,2021-04-18T07:00:00.000Z,6841.669922,6841.669922,"""""",0
srphd,YT.08WL009.VOLN,08 Well 009 Volume Month End Adjusted,2021-04-18T08:00:00.000Z,6841.669922,6841.669922,"""""",0
srphd,YT.08WL009.VOLN,08 Well 009 Volume Month End Adjusted,2021-04-18T09:00:00.000Z,6841.669922,6841.669922,"""""",0
srphd,YT.08WL009.VOLN,08 Well 009 Volume Month End Adjusted,2021-04-18T10:00:00.000Z,6841.669922,6841.669922,"""""",0
srphd,YT.08WL009.VOLN,08 Well 009 Volume Month End Adjusted,2021-04-18T11:00:00.000Z,6841.669922,6841.669922,"""""",0
srphd,YT.08WL009.VOLN,08 Well 009 Volume Month End Adjusted,2021-04-18T12:00:00.000Z,6841.669922,6841.669922,"""""",0
srphd,YT.08WL009.VOLN,08 Well 009 Volume Month End Adjusted,2021-04-18T13:00:00.000Z,6841.669922,6841.669922,"""""",0
srphd,YT.08WL009.VOLN,08 Well 009 Volume Month End Adjusted,2021-04-18T14:00:00.000Z,6841.669922,6841.669922,"""""",0
srphd,YT.08WL009.VOLN,08 Well 009 Volume Month End Adjusted,2021-04-18T15:00:00.000Z,6841.669922,6841.669922,"""""",0
srphd,YT.08WL009.VOLN,08 Well 009 Volume Month End Adjusted,2021-04-18T16:00:00.000Z,6841.669922,6841.669922,"""""",0
srphd,YT.08WL009.VOLN,08 Well 009 Volume Month End Adjusted,2021-04-18T17:00:00.000Z,6841.669922,6841.669922,"""""",0
srphd,YT.08WL009.VOLN,08 Well 009 Volume Month End Adjusted,2021-04-18T18:00:00.000Z,6841.669922,6841.669922,"""""",0
srphd,YT.08WL009.VOLN,08 Well 009 Volume Month End Adjusted,2021-04-18T19:00:00.000Z,6841.669922,6841.669922,"""""",0
srphd,YT.08WL009.VOLN,08 Well 009 Volume Month End Adjusted,2021-04-18T20:00:00.000Z,6841.669922,6841.669922,"""""",0
srphd,YT.08WL009.VOLN,08 Well 009 Volume Month End Adjusted,2021-04-18T21:00:00.000Z,6841.669922,6841.669922,"""""",0
srphd,YT.08WL009.VOLN,08 Well 009 Volume Month End Adjusted,2021-04-18T22:00:00.000Z,6841.669922,6841.669922,"""""",0
srphd,YT.08WL009.VOLN,08 Well 009 Volume Month End Adjusted,2021-04-18T23:00:00.000Z,6841.669922,6841.669922,"""""",0
srphd,YT.08WL009.VOLN,08 Well 009 Volume Month End Adjusted,2021-04-19T00:00:00.000Z,6841.669922,6841.669922,"""""",0
srphd,YT.08WL010.VOLN,08 Well 010 Volume Month End Adjusted,2021-04-18T01:00:00.000Z,4993.321777,4988.655534,"""""",0
srphd,YT.08WL010.VOLN,08 Well 010 Volume Month End Adjusted,2021-04-18T02:00:00.000Z,5002.010254,4997.893457,"""""",0
srphd,YT.08WL010.VOLN,08 Well 010 Volume Month End Adjusted,2021-04-18T03:00:00.000Z,5010.064941,5006.107141,"""""",0
srphd,YT.08WL010.VOLN,08 Well 010 Volume Month End Adjusted,2021-04-18T04:00:00.000Z,5018.200684,5014.147301,"""""",0
srphd,YT.08WL010.VOLN,08 Well 010 Volume Month End Adjusted,2021-04-18T05:00:00.000Z,5026.690918,5022.504431,"""""",0
srphd,YT.08WL010.VOLN,08 Well 010 Volume Month End Adjusted,2021-04-18T06:00:00.000Z,5034.728027,5030.9606,"""""",0
srphd,YT.08WL010.VOLN,08 Well 010 Volume Month End Adjusted,2021-04-18T07:00:00.000Z,5040.412109,5037.713265,"""""",0
srphd,YT.08WL010.VOLN,08 Well 010 Volume Month End Adjusted,2021-04-18T08:00:00.000Z,5045.842285,5043.161686,"""""",0
srphd,YT.08WL010.VOLN,08 Well 010 Volume Month End Adjusted,2021-04-18T09:00:00.000Z,5053.743164,5049.436751,"""""",0
srphd,YT.08WL010.VOLN,08 Well 010 Volume Month End Adjusted,2021-04-18T10:00:00.000Z,5062.577637,5058.242163,"""""",0
srphd,YT.08WL010.VOLN,08 Well 010 Volume Month End Adjusted,2021-04-18T11:00:00.000Z,5071.853027,5067.237085,"""""",0
srphd,YT.08WL010.VOLN,08 Well 010 Volume Month End Adjusted,2021-04-18T12:00:00.000Z,5081.61377,5076.837122,"""""",0
srphd,YT.08WL010.VOLN,08 Well 010 Volume Month End Adjusted,2021-04-18T13:00:00.000Z,5090.375977,5086.196883,"""""",0
srphd,YT.08WL010.VOLN,08 Well 010 Volume Month End Adjusted,2021-04-18T14:00:00.000Z,5098.151855,5094.285992,"""""",0
srphd,YT.08WL010.VOLN,08 Well 010 Volume Month End Adjusted,2021-04-18T15:00:00.000Z,5101.939941,5101.13894,"""""",0
srphd,YT.08WL010.VOLN,08 Well 010 Volume Month End Adjusted,2021-04-18T16:00:00.000Z,5101.939941,5101.939941,"""""",0
srphd,YT.08WL010.VOLN,08 Well 010 Volume Month End Adjusted,2021-04-18T17:00:00.000Z,5102.924805,5102.024095,"""""",0
srphd,YT.08WL010.VOLN,08 Well 010 Volume Month End Adjusted,2021-04-18T18:00:00.000Z,5109.21875,5106.088375,"""""",0
srphd,YT.08WL010.VOLN,08 Well 010 Volume Month End Adjusted,2021-04-18T19:00:00.000Z,5116.226563,5112.683101,"""""",0
srphd,YT.08WL010.VOLN,08 Well 010 Volume Month End Adjusted,2021-04-18T20:00:00.000Z,5125.692383,5120.663586,"""""",0
srphd,YT.08WL010.VOLN,08 Well 010 Volume Month End Adjusted,2021-04-18T21:00:00.000Z,5136.762695,5131.323368,"""""",0
srphd,YT.08WL010.VOLN,08 Well 010 Volume Month End Adjusted,2021-04-18T22:00:00.000Z,5148.222656,5142.581177,"""""",0
srphd,YT.08WL010.VOLN,08 Well 010 Volume Month End Adjusted,2021-04-18T23:00:00.000Z,5159.51709,5154.011548,"""""",0
srphd,YT.08WL010.VOLN,08 Well 010 Volume Month End Adjusted,2021-04-19T00:00:00.000Z,5169.825684,5164.866988,"""""",0
srphd,YT.08WL013.VOLN,08 Well 013 Volume Month End Adjusted,2021-04-18T01:00:00.000Z,1235.801392,1237.354508,"""""",0
srphd,YT.08WL013.VOLN,08 Well 013 Volume Month End Adjusted,2021-04-18T02:00:00.000Z,1232.651367,1234.200239,"""""",0
srphd,YT.08WL013.VOLN,08 Well 013 Volume Month End Adjusted,2021-04-18T03:00:00.000Z,1229.505493,1231.052722,"""""",0
srphd,YT.08WL013.VOLN,08 Well 013 Volume Month End Adjusted,2021-04-18T04:00:00.000Z,1226.361206,1227.914627,"""""",0
srphd,YT.08WL013.VOLN,08 Well 013 Volume Month End Adjusted,2021-04-18T05:00:00.000Z,1223.215332,1224.751715,"""""",0
srphd,YT.08WL013.VOLN,08 Well 013 Volume Month End Adjusted,2021-04-18T06:00:00.000Z,1220.071167,1221.617061,"""""",0
srphd,YT.08WL013.VOLN,08 Well 013 Volume Month End Adjusted,2021-04-18T07:00:00.000Z,1216.925293,1218.472355,"""""",0
srphd,YT.08WL013.VOLN,08 Well 013 Volume Month End Adjusted,2021-04-18T08:00:00.000Z,1213.781006,1215.325297,"""""",0
srphd,YT.08WL013.VOLN,08 Well 013 Volume Month End Adjusted,2021-04-18T09:00:00.000Z,1210.640991,1212.182302,"""""",0
srphd,YT.08WL013.VOLN,08 Well 013 Volume Month End Adjusted,2021-04-18T10:00:00.000Z,1207.490845,1209.039318,"""""",0
srphd,YT.08WL013.VOLN,08 Well 013 Volume Month End Adjusted,2021-04-18T11:00:00.000Z,1204.344971,1205.89397,"""""",0
srphd,YT.08WL013.VOLN,08 Well 013 Volume Month End Adjusted,2021-04-18T12:00:00.000Z,1201.200806,1202.747428,"""""",0
srphd,YT.08WL013.VOLN,08 Well 013 Volume Month End Adjusted,2021-04-18T13:00:00.000Z,1198.080811,1199.61344,"""""",0
srphd,YT.08WL013.VOLN,08 Well 013 Volume Month End Adjusted,2021-04-18T14:00:00.000Z,1194.980713,1196.503728,"""""",0
srphd,YT.08WL013.VOLN,08 Well 013 Volume Month End Adjusted,2021-04-18T15:00:00.000Z,1198.088745,1195.322617,"""""",0
srphd,YT.08WL013.VOLN,08 Well 013 Volume Month End Adjusted,2021-04-18T16:00:00.000Z,1204.474731,1201.38899,"""""",0
srphd,YT.08WL013.VOLN,08 Well 013 Volume Month End Adjusted,2021-04-18T17:00:00.000Z,1209.090576,1207.543792,"""""",0
srphd,YT.08WL013.VOLN,08 Well 013 Volume Month End Adjusted,2021-04-18T18:00:00.000Z,1205.744629,1207.388148,"""""",0
srphd,YT.08WL013.VOLN,08 Well 013 Volume Month End Adjusted,2021-04-18T19:00:00.000Z,1202.394531,1204.045212,"""""",0
srphd,YT.08WL013.VOLN,08 Well 013 Volume Month End Adjusted,2021-04-18T20:00:00.000Z,1199.054443,1200.699076,"""""",0
srphd,YT.08WL013.VOLN,08 Well 013 Volume Month End Adjusted,2021-04-18T21:00:00.000Z,1195.704468,1197.350094,"""""",0
srphd,YT.08WL013.VOLN,08 Well 013 Volume Month End Adjusted,2021-04-18T22:00:00.000Z,1192.410278,1194.01842,"""""",0
srphd,YT.08WL013.VOLN,08 Well 013 Volume Month End Adjusted,2021-04-18T23:00:00.000Z,1189.234253,1190.791368,"""""",0
srphd,YT.08WL013.VOLN,08 Well 013 Volume Month End Adjusted,2021-04-19T00:00:00.000Z,1186.0802,1187.630197,"""""",0
srphd,YT.08WL014.VOLN,08 Well 014 Volume Month End Adjusted,2021-04-18T01:00:00.000Z,1828.733276,1821.249395,"""""",0
srphd,YT.08WL014.VOLN,08 Well 014 Volume Month End Adjusted,2021-04-18T02:00:00.000Z,1843.427856,1836.194683,"""""",0
srphd,YT.08WL014.VOLN,08 Well 014 Volume Month End Adjusted,2021-04-18T03:00:00.000Z,1857.728027,1850.795642,"""""",0
srphd,YT.08WL014.VOLN,08 Well 014 Volume Month End Adjusted,2021-04-18T04:00:00.000Z,1871.682617,1864.821902,"""""",0
srphd,YT.08WL014.VOLN,08 Well 014 Volume Month End Adjusted,2021-04-18T05:00:00.000Z,1885.106934,1878.50988,"""""",0
srphd,YT.08WL014.VOLN,08 Well 014 Volume Month End Adjusted,2021-04-18T06:00:00.000Z,1898.537231,1891.932487,"""""",0
srphd,YT.08WL014.VOLN,08 Well 014 Volume Month End Adjusted,2021-04-18T07:00:00.000Z,1911.993164,1905.373776,"""""",0
srphd,YT.08WL014.VOLN,08 Well 014 Volume Month End Adjusted,2021-04-18T08:00:00.000Z,1925.479248,1918.842794,"""""",0
srphd,YT.08WL014.VOLN,08 Well 014 Volume Month End Adjusted,2021-04-18T09:00:00.000Z,1940.241089,1932.8622,"""""",0
srphd,YT.08WL014.VOLN,08 Well 014 Volume Month End Adjusted,2021-04-18T10:00:00.000Z,1955.435547,1947.965989,"""""",0
srphd,YT.08WL014.VOLN,08 Well 014 Volume Month End Adjusted,2021-04-18T11:00:00.000Z,1971.071655,1963.348022,"""""",0
srphd,YT.08WL014.VOLN,08 Well 014 Volume Month End Adjusted,2021-04-18T12:00:00.000Z,1986.807739,1979.06558,"""""",0
srphd,YT.08WL014.VOLN,08 Well 014 Volume Month End Adjusted,2021-04-18T13:00:00.000Z,1956.232056,1975.452415,"""""",0
srphd,YT.08WL014.VOLN,08 Well 014 Volume Month End Adjusted,2021-04-18T14:00:00.000Z,1915.185547,1935.437572,"""""",0
srphd,YT.08WL014.VOLN,08 Well 014 Volume Month End Adjusted,2021-04-18T15:00:00.000Z,1872.237183,1893.479375,"""""",0
srphd,YT.08WL014.VOLN,08 Well 014 Volume Month End Adjusted,2021-04-18T16:00:00.000Z,1829.040527,1850.215043,"""""",0
srphd,YT.08WL014.VOLN,08 Well 014 Volume Month End Adjusted,2021-04-18T17:00:00.000Z,1786.567505,1807.200766,"""""",0
srphd,YT.08WL014.VOLN,08 Well 014 Volume Month End Adjusted,2021-04-18T18:00:00.000Z,1748.831787,1766.910362,"""""",0
srphd,YT.08WL014.VOLN,08 Well 014 Volume Month End Adjusted,2021-04-18T19:00:00.000Z,1734.373657,1735.422489,"""""",0
srphd,YT.08WL014.VOLN,08 Well 014 Volume Month End Adjusted,2021-04-18T20:00:00.000Z,1749.973877,1742.300342,"""""",0
srphd,YT.08WL014.VOLN,08 Well 014 Volume Month End Adjusted,2021-04-18T21:00:00.000Z,1765.610107,1757.924779,"""""",0
srphd,YT.08WL014.VOLN,08 Well 014 Volume Month End Adjusted,2021-04-18T22:00:00.000Z,1781.334473,1773.605279,"""""",0
srphd,YT.08WL014.VOLN,08 Well 014 Volume Month End Adjusted,2021-04-18T23:00:00.000Z,1796.538818,1789.150073,"""""",0
srphd,YT.08WL014.VOLN,08 Well 014 Volume Month End Adjusted,2021-04-19T00:00:00.000Z,1811.163086,1804.034374,"""""",0
